country_ID,year,value
1,1995,
2,1995,13.94059069
3,1995,46.77145965
4,1995,897.1815411
5,1995,13.51683268
6,1995,233.09344130000002
7,1995,367.6643573
8,1995,7.96878387
9,1995,1029.3726570000001
10,1995,2112.0676829999998
11,1995,4.33324416
12,1995,334.5557486
13,1995,335.5907578
14,1995,23.83025448
15,1995,305.84702519999996
16,1995,49.16810633
17,1995,1640.654463
18,1995,74.08390866
19,1995,8.107515600000001
20,1995,12.86860207
21,1995,25.64398708
22,1995,30.02612169
23,1995,65.34420764
24,1995,135.90029840000003
25,1995,375.088602
26,1995,60.51647544
27,1995,4.15324741
28,1995,3.00991129
30,1995,3.21471026
31,1995,5.86006897
32,1995,1297.156262
29,1995,50.73669527
33,1995,4.86327739
34,1995,4.14184241
35,1995,127.4065827
36,1995,10.67774257
37,1995,109.25482179999999
38,1995,13.50516984
48,1995,0.19
39,1995,14.48727395
40,1995,244.429539
41,1995,168.2605271
46,1995,8.55749206
42,1995,279.5663642
43,1995,100.9153422
44,1995,253.14185469999998
45,1995,340.3137803999999
49,1995,2333.210858
50,1995,19.2017383
51,1995,130.5928708
52,1995,22.64116566
53,1995,40.36019064
54,1995,17.41366325
55,1995,40.7102172
56,1995,12.44983469
57,1995,4.04002279
58,1995,148.75321719999997
59,1995,1.59852238
61,1995,62.53174925
62,1995,1441.006101
63,1995,2183.1638420000004
64,1995,51.61388476
65,1995,6.18358208
66,1995,1.51330026
67,1995,2543.513593
68,1995,11.46418065
69,1995,553.6710118999999
70,1995,82.93148834
71,1995,19.31567792
72,1995,5.53496405
73,1995,6.31330681
74,1995,32.89314239
75,1995,9.24136247
76,1995,20.36235054
77,1995,271.3843117
78,1995,1867.005052
79,1995,4.09773063
80,1995,7.07495167
81,1995,30.49997812
82,1995,
83,1995,897.4363738
84,1995,886.6636550000001
85,1995,1017.512492
86,1995,50.81029056
87,1995,2378.709944
88,1995,78.96340943
89,1995,30.85875588
90,1995,6.51912364
91,1995,66.8857474
140,1995,170.0322492
92,1995,515.0484395
93,1995,12.86229905
94,1995,9.10709003
95,1995,76.37946403
96,1995,102.2277991
97,1995,17.0539293
98,1995,
99,1995,92.80243293
100,1995,73.91639801
101,1995,2602.905554
173,1995,117.47014170000001
102,1995,3.6105769
103,1995,2.6372706000000004
104,1995,74.69914675
105,1995,58.75640886
106,1995,7.53242489
107,1995,399.2357532
108,1995,309.47503589999997
109,1995,17.37150714
110,1995,70.32803721
111,1995,74.20426593
112,1995,180.0335134
141,1995,19.32057103
113,1995,2576.3852739999998
114,1995,15.42577971
115,1995,98.51512053
116,1995,15.42954315
117,1995,4.88472919
118,1995,0.49
119,1995,93.71092377
120,1995,431.231446
121,1995,1.59726662
122,1995,1603.2093730000001
123,1995,917.4274280999999
124,1995,37.20088414
125,1995,2.81026806
126,1995,9.30922799
127,1995,345.0651396
128,1995,2506.679137
129,1995,186.89627240000002
130,1995,3.87462001
131,1995,527.413933
132,1995,154.95385380000002
133,1995,30.99662551
134,1995,40.25249279
135,1995,54.851164000000004
136,1995,14.59464811
137,1995,145.0179292
138,1995,547.1565505
139,1995,376.63320580000004
142,1995,39.91796451
143,1995,83.48835391
144,1995,3.77488908
145,1995,171.7819023
146,1995,116.09473030000001
147,1995,93.20338315
148,1995,39.65397118
149,1995,1830.5865609999998
150,1995,21.62219232
151,1995,118.72620970000001
152,1995,7.46119076
153,1995,55.08246243
154,1995,300.4457823999999
155,1995,3.01513619
156,1995,367.6878915
157,1995,196.02854419999997
158,1995,609.9974503
159,1995,43.91018373
160,1995,2.007823
161,1995,107.40744099999999
163,1995,814.1213525000001
164,1995,11.46072596
165,1995,2.07942249
166,1995,42.58001262
167,1995,49.93276657
168,1995,1983.369454
169,1995,2287.440129
170,1995,20.51337292
171,1995,1.26796789
187,1995,2.69100329
172,1995,46.76155844
174,1995,31.29192123
175,1995,5.98969424
177,1995,56.40098922
178,1995,94.26218324
179,1995,64.10270161
180,1995,67.14680445
181,1995,26.02883207
182,1995,64.34333532
183,1995,4.47225376
184,1995,30.0241936
185,1995,582.7494561000001
186,1995,1142.3610449999999
188,1995,1683.124404
189,1995,410.2539456
190,1995,15.78740212
191,1995,31.70008714
192,1995,61.227960700000004
193,1995,4.9253403
194,1995,12.42190055
195,1995,13.23782123
196,1995,28.05200411
1,1996,
2,1996,17.0620735
3,1996,47.96005336
4,1996,982.7948194
5,1996,8.72415485
6,1996,227.11142650000002
7,1996,357.2125912
8,1996,8.16128227
9,1996,1148.635677
10,1996,2051.069613
11,1996,6.01612378
12,1996,352.86859960000004
13,1996,336.203756
14,1996,24.39962057
15,1996,317.76328739999997
16,1996,66.47887357
17,1996,1679.471125
18,1996,58.00964656
19,1996,8.23899699
20,1996,19.20414021
21,1996,28.84157059
22,1996,41.48321637
23,1996,65.59540474
24,1996,141.8709084
25,1996,519.2387899
26,1996,38.45053184
27,1996,4.55124611
28,1996,2.86477668
30,1996,7.42815436
31,1996,5.96980053
32,1996,1294.366554
29,1996,47.29737814
33,1996,3.48334612
34,1996,4.54608235
35,1996,141.73859819999998
36,1996,12.31596274
37,1996,149.0662886
38,1996,12.33688076
48,1996,0.14
39,1996,15.52463203
40,1996,223.392995
41,1996,168.67141840000002
46,1996,10.57728913
42,1996,323.2831559
43,1996,108.00967040000002
44,1996,257.417146
45,1996,365.6984273
49,1996,2372.0691239999996
50,1996,17.87635922
51,1996,140.080376
52,1996,26.09656002
53,1996,47.39264896
54,1996,18.95690411
55,1996,55.34064889
56,1996,13.89224486
57,1996,2.89209079
58,1996,193.8250081
59,1996,1.61060018
61,1996,71.73987971
62,1996,1440.577151
63,1996,2177.6020129999997
64,1996,60.491572600000005
65,1996,5.59041606
66,1996,5.36372898
67,1996,2541.816627
68,1996,11.69009926
69,1996,589.1470739
70,1996,88.26573282
71,1996,18.97053327
72,1996,5.23917087
73,1996,6.14899416
74,1996,36.15688265
75,1996,9.08738335
76,1996,17.59481888
77,1996,257.310518
78,1996,1900.5723260000002
79,1996,4.07533927
80,1996,8.17022239
81,1996,40.82255483
82,1996,0.03
83,1996,950.1843172
84,1996,980.8379002
85,1996,1153.6719779999999
86,1996,73.87379989
87,1996,2140.166741
88,1996,78.95922043
89,1996,36.93732256
90,1996,7.10565859
91,1996,76.10130045
140,1996,205.9242624
92,1996,533.253488
93,1996,12.30357627
94,1996,10.19851074
95,1996,81.24573645
96,1996,122.80747109999999
97,1996,16.86472634
98,1996,
99,1996,91.52578312
100,1996,91.97301199
101,1996,2608.0454219999997
173,1996,118.61347959999999
102,1996,5.50189669
103,1996,2.86171921
104,1996,84.19392784
105,1996,63.89788094
106,1996,8.54257716
107,1996,437.03739840000003
108,1996,352.9541811
109,1996,11.3838498
110,1996,73.22334859
111,1996,75.77692755
112,1996,165.10244169999999
141,1996,26.37949171
113,1996,2478.922658
114,1996,17.55748097
115,1996,72.1122169
116,1996,16.42960049
117,1996,5.1317259
118,1996,0.4
119,1996,97.58135588
120,1996,389.9911793
121,1996,1.67235288
122,1996,1462.944309
123,1996,979.927267
124,1996,34.53633388
125,1996,2.54166605
126,1996,10.63464652
127,1996,462.2265546
128,1996,2573.073006
129,1996,199.37162680000003
130,1996,4.07465808
131,1996,616.0280321
132,1996,157.9592037
133,1996,33.42173076
134,1996,50.57363934
135,1996,56.78147288
136,1996,16.97642343
137,1996,176.47804230000003
138,1996,612.6912193
139,1996,428.8759178
142,1996,38.74886835
143,1996,104.7314571
144,1996,4.43135155
145,1996,177.924184
146,1996,134.5581254
147,1996,98.03689684
148,1996,51.61768683
149,1996,2007.1977140000001
150,1996,19.37667023
151,1996,135.6153519
152,1996,8.75025119
153,1996,91.01452576
154,1996,311.4779028
155,1996,3.17987434
156,1996,375.17987989999995
157,1996,224.74424199999999
158,1996,618.4661056
159,1996,42.95620461
160,1996,2.19197256
161,1996,97.42166554
163,1996,851.4576443
164,1996,12.12612982
165,1996,2.76897773
166,1996,61.25277872
167,1996,49.78117669
168,1996,2229.0354620000003
169,1996,2324.082571
170,1996,21.13241267
171,1996,2.30983103
187,1996,2.86141118
172,1996,54.71482033
174,1996,23.60343593
175,1996,5.94910657
177,1996,63.83993448
178,1996,90.09833557
179,1996,65.26624517
180,1996,80.69988323
181,1996,12.60969629
182,1996,152.0510947
183,1996,4.64992748
184,1996,34.25791041
185,1996,579.5342099999999
186,1996,1190.348424
188,1996,1753.8401
189,1996,361.6943197
190,1996,21.79116215
191,1996,26.62308771
192,1996,45.01083023
193,1996,5.35786243
194,1996,10.96688242
195,1996,13.04177451
196,1996,29.34739993
1,1997,
2,1997,14.16477075
3,1997,49.73839952
4,1997,966.4849604
5,1997,10.5273051
6,1997,245.81424429999998
7,1997,373.3732748
8,1997,7.35738501
9,1997,1178.039092
10,1997,1929.511347
11,1997,6.15091878
12,1997,396.21196299999997
13,1997,353.38759980000003
14,1997,20.42111841
15,1997,322.0427856
16,1997,74.97990349
17,1997,1436.128398
18,1997,63.70754372
19,1997,6.87307444
20,1997,24.42484422
21,1997,29.64958873
22,1997,39.52206818
23,1997,77.70974771
24,1997,152.67534980000002
25,1997,514.4783355000001
26,1997,45.765673799999995
27,1997,4.47943313
28,1997,2.40966371
30,1997,5.56721914
31,1997,6.10376025
32,1997,1313.381693
29,1997,44.54623138
33,1997,4.05406275
34,1997,4.04403572
35,1997,155.7578568
36,1997,13.70728648
37,1997,175.393926
38,1997,10.54043721
48,1997,0.27
39,1997,13.99046085
40,1997,171.0072864
41,1997,163.15557019999997
46,1997,10.96239625
42,1997,254.9414654
43,1997,114.31537560000001
44,1997,252.38140389999998
45,1997,333.5317016
49,1997,2162.725329
50,1997,20.91595166
51,1997,151.6068761
52,1997,34.95515801
53,1997,47.10619537
54,1997,22.65953154
55,1997,59.88933574
56,1997,21.0760073
57,1997,3.83865663
58,1997,198.59674730000003
59,1997,1.7996140999999999
61,1997,76.34460954
62,1997,1331.102327
63,1997,1939.578735
64,1997,46.82914415
65,1997,5.29033421
66,1997,10.63093911
67,1997,2176.8376829999997
68,1997,11.19145481
69,1997,562.2020989
70,1997,95.30512302
71,1997,23.6902775
72,1997,5.33528457
73,1997,5.36939882
74,1997,40.89847772
75,1997,9.68099209
76,1997,19.17646116
77,1997,251.02070419999998
78,1997,2249.871384
79,1997,4.61096966
80,1997,7.12121391
81,1997,53.35313887
82,1997,0.04
83,1997,1050.733217
84,1997,1000.626074
85,1997,1136.681352
86,1997,99.9243686
87,1997,1918.577145
88,1997,85.05463816
89,1997,42.98166464
90,1997,7.24783938
91,1997,77.93363294
140,1997,201.5936485
92,1997,534.1698027
93,1997,10.69510573
94,1997,12.72737791
95,1997,89.27390861
96,1997,151.68097959999997
97,1997,14.37122593
98,1997,
99,1997,90.32426536
100,1997,117.8955024
101,1997,2285.02095
173,1997,107.0674479
102,1997,5.24811379
103,1997,4.13056708
104,1997,72.93796378
105,1997,69.54345776
106,1997,6.58518744
107,1997,441.882287
108,1997,352.0169724
109,1997,11.71396872
110,1997,68.85560931
111,1997,99.88697064
112,1997,139.5473014
141,1997,27.44887433
113,1997,2348.546046
114,1997,15.42317291
115,1997,72.03209298
116,1997,13.80060447
117,1997,6.67850428
118,1997,0.28
119,1997,102.1855183
120,1997,354.1926213
121,1997,2.22962961
122,1997,1334.992113
123,1997,1002.66837
124,1997,23.44865177
125,1997,2.96497652
126,1997,12.53762189
127,1997,407.49857180000004
128,1997,2453.14198
129,1997,192.0388582
130,1997,3.67884395
131,1997,606.9970202000001
132,1997,176.3759549
133,1997,27.15980649
134,1997,48.25130265
135,1997,54.25343626
136,1997,17.7143462
137,1997,165.54037749999998
138,1997,585.7773890999999
139,1997,467.33061739999994
142,1997,52.58117265
143,1997,137.3976759
144,1997,5.38807199
145,1997,183.92280590000001
146,1997,120.4888392
147,1997,105.9876869
148,1997,56.42210043
149,1997,1850.2300089999999
150,1997,19.2896553
151,1997,151.83509909999998
152,1997,7.5613982
153,1997,103.48594150000001
154,1997,372.326822
155,1997,3.30137126
156,1997,366.9065615
157,1997,210.68894930000002
158,1997,598.245748
159,1997,45.95967609
160,1997,2.61450737
161,1997,111.16131370000001
163,1997,768.8593467999999
164,1997,12.3347859
165,1997,3.09173441
166,1997,69.11406651
167,1997,47.95046176
168,1997,1971.455075
169,1997,2033.8132890000002
170,1997,20.94113061
171,1997,2.48281699
187,1997,3.86061295
172,1997,53.38915694
174,1997,38.52041305
175,1997,5.245954599999999
177,1997,66.77756647
178,1997,86.64868359
179,1997,61.12469002
180,1997,93.00962453
181,1997,21.51263867
182,1997,116.53951799999999
183,1997,4.99637613
184,1997,34.05254112
185,1997,588.178377
186,1997,1236.954931
188,1997,1811.2284379999999
189,1997,258.4166088
190,1997,20.55628017
191,1997,35.81556034
192,1997,51.83227723
193,1997,5.6593029
194,1997,9.43751868
195,1997,16.83173958
196,1997,30.08015822
1,1998,
2,1998,18.62584824
3,1998,48.67054687
4,1998,1338.295221
5,1998,6.64874402
6,1998,263.58748560000004
7,1998,382.56918060000004
8,1998,10.01079129
9,1998,1053.2277800000002
10,1998,2018.319654
11,1998,5.03924493
12,1998,457.7226063
13,1998,329.8717355
14,1998,21.20627398
15,1998,346.6776715
16,1998,68.77066395
17,1998,1477.858625
18,1998,62.27511763
19,1998,7.73777986
20,1998,25.02617128
21,1998,33.28665548
22,1998,40.71955944
23,1998,71.28794723
24,1998,143.057917
25,1998,482.1617045
26,1998,57.82283902
27,1998,4.97620851
28,1998,2.3334837000000004
30,1998,3.28937185
31,1998,5.14902175
32,1998,1304.444253
29,1998,47.50117493
33,1998,3.3957187000000006
34,1998,3.76510724
35,1998,162.6656862
36,1998,14.79219182
37,1998,171.618899
38,1998,8.81761275
48,1998,0.23
39,1998,14.03665211
40,1998,160.70659819999997
41,1998,179.47507119999997
46,1998,10.82359974
42,1998,323.9468664
43,1998,120.9911668
44,1998,320.0884587
45,1998,360.03547260000005
49,1998,2192.235623
50,1998,26.04898948
51,1998,152.5261753
52,1998,44.06179636
53,1998,32.49671863
54,1998,26.28456764
55,1998,71.63888016
56,1998,23.21129466
57,1998,4.02614138
58,1998,192.4988286
59,1998,1.98730745
61,1998,53.94872688
62,1998,1341.2061800000001
63,1998,1973.64361
64,1998,53.99114804
65,1998,6.97542318
66,1998,8.88309947
67,1998,2183.9275199999997
68,1998,11.85223084
69,1998,549.0051036
70,1998,106.11387920000001
71,1998,35.43587338
72,1998,4.19575667
73,1998,3.81764605
74,1998,39.36491337
75,1998,9.15162779
76,1998,25.80973382
77,1998,250.64015980000002
78,1998,2251.637271
79,1998,4.71078943
80,1998,3.25766101
81,1998,65.07541812
82,1998,0.3
83,1998,1089.938778
84,1998,917.1820152999999
85,1998,1162.7577720000002
86,1998,102.5687666
87,1998,1785.6544199999998
88,1998,89.57704862
89,1998,44.84978575
90,1998,9.46781907
91,1998,55.06350275
140,1998,153.3991797
92,1998,515.2164806
93,1998,11.99875413
94,1998,6.95711936
95,1998,104.08608199999999
96,1998,149.20139419999998
97,1998,14.10507623
98,1998,2.03001806
99,1998,111.3034558
100,1998,146.36688930000003
101,1998,2387.171385
173,1998,119.80026740000001
102,1998,4.98065046
103,1998,3.10297534
104,1998,56.79719224
105,1998,72.12592795
106,1998,5.85245681
107,1998,466.1827556
108,1998,328.39014460000004
109,1998,14.19869119
110,1998,69.44801484
111,1998,108.4063585
112,1998,132.1181347
141,1998,17.39688222
113,1998,2327.984122
114,1998,15.09343587
115,1998,73.68817348
116,1998,16.10008544
117,1998,7.42195074
118,1998,0.2
119,1998,93.38433773
120,1998,299.860833
121,1998,2.37762175
122,1998,1325.9990970000001
123,1998,865.9116303999999
124,1998,26.15936746
125,1998,3.29037605
126,1998,15.90169344
127,1998,316.2391479
128,1998,2593.1206
129,1998,185.5623707
130,1998,3.12340038
131,1998,493.84515710000005
132,1998,181.7621645
133,1998,23.34588091
134,1998,49.68473131
135,1998,57.04028653
136,1998,13.39195848
137,1998,174.4022553
138,1998,626.4036924
139,1998,424.27644100000003
142,1998,52.86432279
143,1998,79.01816852
144,1998,7.28630357
145,1998,193.89822900000001
146,1998,132.6452619
147,1998,99.53424836
148,1998,54.14429419
149,1998,1941.244875
150,1998,14.72322593
151,1998,147.301495
152,1998,8.06337422
153,1998,82.22490917
154,1998,348.00315710000007
155,1998,2.11283101
156,1998,379.1082745
157,1998,215.0037505
158,1998,646.9996838
159,1998,39.90736477
160,1998,3.42458112
161,1998,104.2388104
163,1998,799.3380815
164,1998,15.79579721
165,1998,3.22299532
166,1998,94.94524716
167,1998,44.13809345
168,1998,2003.7419719999998
169,1998,2104.560598
170,1998,21.69606751
171,1998,2.49941534
187,1998,4.06253464
172,1998,37.14918122
174,1998,24.70925903
175,1998,6.00659037
177,1998,62.51534514
178,1998,68.52874022
179,1998,63.95520592
180,1998,111.4168709
181,1998,22.79813341
182,1998,119.79976780000001
183,1998,4.26097307
184,1998,29.73822432
185,1998,564.7569798999999
186,1998,1331.428825
188,1998,1843.058284
189,1998,288.0808698
190,1998,18.23412762
191,1998,44.78802042
192,1998,57.11821019
193,1998,6.11679125
194,1998,10.12901083
195,1998,13.57040056
196,1998,29.43777179
1,1999,
2,1999,28.13970639
3,1999,45.54382499
4,1999,942.4215625
5,1999,6.54825377
6,1999,277.83261319999997
7,1999,399.60560499999997
8,1999,9.62805519
9,1999,1193.335611
10,1999,2049.536567
11,1999,5.61560878
12,1999,496.61553110000006
13,1999,343.41726760000006
14,1999,22.34238069
15,1999,372.1978558
16,1999,56.63369867
17,1999,1499.690683
18,1999,60.99767253
19,1999,8.29665136
20,1999,38.18615295
21,1999,36.67865404
22,1999,61.84796094
23,1999,75.4790169
24,1999,103.4020004
25,1999,458.1237948
26,1999,63.89218565
27,1999,5.46886125
28,1999,2.0773543
30,1999,3.23052842
31,1999,5.45272824
32,1999,1354.9606119999999
29,1999,45.981374100000004
33,1999,3.89734611
34,1999,3.84266446
35,1999,157.6315956
36,1999,15.78363019
37,1999,157.20228899999998
38,1999,7.98084558
48,1999,0.6592288000000001
39,1999,13.50817818
40,1999,144.12971130000003
41,1999,194.6289725
46,1999,9.90167667
42,1999,324.88719669999995
43,1999,139.15781830000003
44,1999,333.2511045
45,1999,347.2969186
49,1999,2457.316591
50,1999,33.19013922
51,1999,158.7233563
52,1999,50.74186746
53,1999,25.56652923
54,1999,29.37529034
55,1999,72.91375724
56,1999,18.21998279
57,1999,3.88547138
58,1999,196.4416927
59,1999,2.10124037
61,1999,60.33637981
62,1999,1329.255758
63,1999,1947.876436
64,1999,41.15175263
65,1999,6.89239095
66,1999,6.64642744
67,1999,2147.267842
68,1999,10.29434537
69,1999,594.8875559999999
70,1999,138.85782859999998
71,1999,39.03830616
72,1999,4.35105746
73,1999,2.69059157
74,1999,33.93519671
75,1999,8.16571286
76,1999,25.85401808
77,1999,249.8078313
78,1999,2674.539584
79,1999,5.09770195
80,1999,5.24710267
81,1999,75.34873398
82,1999,0.48
83,1999,1172.675319
84,1999,873.3465115
85,1999,1162.6040369999998
86,1999,81.28187127
87,1999,2102.1684920000002
88,1999,85.60559648
89,1999,25.68383248
90,1999,7.07943474
91,1999,72.22923224
140,1999,211.9732836
92,1999,472.93405099999995
93,1999,7.40527561
94,1999,3.21110768
95,1999,114.51839109999999
96,1999,142.5165155
97,1999,13.42146405
98,1999,2.48619623
99,1999,108.08760579999999
100,1999,144.64275580000003
101,1999,2574.7445350000003
173,1999,98.09099444
102,1999,4.88437462
103,1999,3.69872411
104,1999,62.92302586
105,1999,81.92576902
106,1999,4.87411394
107,1999,458.8219534
108,1999,319.9235145
109,1999,18.70303947
110,1999,68.21193826
111,1999,132.3410519
112,1999,145.599226
141,1999,8.16012425
113,1999,2456.371134
114,1999,14.74428164
115,1999,71.64239985
116,1999,16.05305569
117,1999,9.12097472
118,1999,0.27
119,1999,93.4862661
120,1999,301.8470916
121,1999,2.10173767
122,1999,1320.1326470000001
123,1999,893.6938103
124,1999,23.66116273
125,1999,3.08094581
126,1999,4.69766473
127,1999,379.3610314
128,1999,2745.125977
129,1999,198.6718436
130,1999,2.96883224
131,1999,505.19177790000003
132,1999,179.50510390000002
133,1999,22.10713233
134,1999,48.60363103
135,1999,55.66268159
136,1999,15.66634674
137,1999,178.8484228
138,1999,666.3786381
139,1999,424.4295097
142,1999,53.88967865
143,1999,47.69007248
144,1999,5.05454535
145,1999,203.59417
146,1999,137.69868369999998
147,1999,106.43813370000001
148,1999,62.82643541
149,1999,2057.919715
150,1999,20.47246441
151,1999,230.46551980000004
152,1999,8.96292746
153,1999,89.85631072
154,1999,355.9927275
155,1999,3.0535106
156,1999,331.7601412
157,1999,195.7094842
158,1999,663.5946372000001
159,1999,42.98942087
160,1999,3.34163662
161,1999,107.52405719999999
163,1999,815.472304
164,1999,14.45388887
165,1999,2.39644639
166,1999,77.47575117
167,1999,44.34494916
168,1999,2053.305977
169,1999,2105.323261
170,1999,22.54335177
171,1999,1.85269545
187,1999,3.8329873
172,1999,37.70558429
174,1999,22.22408445
175,1999,5.00622835
177,1999,75.2081817
178,1999,100.0107387
179,1999,66.23708964
180,1999,113.7351986
181,1999,20.68114646
182,1999,135.5887286
183,1999,4.90468307
184,1999,18.82180679
185,1999,558.8921616
186,1999,1422.588336
188,1999,1916.391915
189,1999,460.8099385
190,1999,19.57472723
191,1999,39.03848476
192,1999,85.77576409999999
193,1999,6.32316244
194,1999,10.84934234
195,1999,9.018808
196,1999,17.63531414
1,2000,
2,2000,27.16051203
3,2000,45.911114500000004
4,2000,862.3916116
5,2000,12.51447308
6,2000,281.3929619
7,2000,381.8773152
8,2000,7.06890421
9,2000,1144.7528439999999
10,2000,1823.8387579999999
11,2000,5.63556889
12,2000,522.6758855
13,2000,335.4842867
14,2000,24.21962971
15,2000,395.5538277
16,2000,47.92029244
17,2000,1375.774521
18,2000,69.44853939
19,2000,6.94049286
20,2000,40.93456604
21,2000,36.90724912
22,2000,60.88767251
23,2000,94.37971997
24,2000,106.7536815
25,2000,476.84498229999997
26,2000,59.52535931
27,2000,4.31995506
28,2000,2.01390968
30,2000,3.80777278
31,2000,5.5246363
32,2000,1469.882028
29,2000,42.02368375
33,2000,4.13021606
34,2000,4.49340228
35,2000,168.5876461
36,2000,16.61727941
37,2000,130.4813615
38,2000,5.46586374
48,2000,0.54345903
39,2000,12.51413648
40,2000,157.9759119
41,2000,204.0027101
46,2000,8.34838753
42,2000,324.78091839999996
43,2000,151.0828396
44,2000,309.8909629
45,2000,326.4299527
49,2000,2187.759216
50,2000,29.63939804
51,2000,159.4774244
52,2000,60.35988891
53,2000,16.74144099
54,2000,31.813489299999997
55,2000,79.82755094
56,2000,21.4967933
57,2000,4.328460400000001
58,2000,169.4265948
59,2000,2.84813615
61,2000,67.11584736
62,2000,1210.4826380000002
63,2000,1748.6096129999999
64,2000,42.96361056
65,2000,6.34408962
66,2000,7.60714191
67,2000,1897.7465309999998
68,2000,6.00088862
69,2000,550.4284098999999
70,2000,176.57183590000002
71,2000,37.67355047
72,2000,3.93401614
73,2000,1.73910841
74,2000,44.74515633
75,2000,7.11900681
76,2000,41.53028009
77,2000,230.6185176
78,2000,2472.918087
79,2000,5.08230115
80,2000,5.47015315
81,2000,96.18621655
82,2000,0.39
83,2000,1172.124431
84,2000,932.2330036000001
85,2000,1126.7543130000001
86,2000,99.71640305
87,2000,2290.3860050000003
88,2000,81.2452912
89,2000,25.91916865
90,2000,8.80818417
91,2000,60.9313246
140,2000,
92,2000,370.4013255
93,2000,5.72630892
94,2000,3.79576682
95,2000,106.9139294
96,2000,148.3832111
97,2000,13.64189099
98,2000,2.63408248
99,2000,123.8234644
100,2000,147.9497071
101,2000,2955.015079
173,2000,90.12107078
102,2000,6.23316254
103,2000,4.31429361
104,2000,73.44648772
105,2000,94.83867059
106,2000,4.86616855
107,2000,465.7837864
108,2000,409.5671877
109,2000,16.13067853
110,2000,75.46162965
111,2000,152.65246090000002
112,2000,159.96948730000003
141,2000,11.43160454
113,2000,2120.7159079999997
114,2000,17.72348654
115,2000,80.66829778
116,2000,15.81122907
117,2000,10.21112242
118,2000,0.45
119,2000,86.87731433
120,2000,271.3784965
121,2000,2.4746982999999996
122,2000,1214.056076
123,2000,820.2913392
124,2000,29.01567893
125,2000,2.3224676
126,2000,5.72473199
127,2000,313.2335117
128,2000,2603.035363
129,2000,215.51242819999996
130,2000,3.16096413
131,2000,531.6607553
132,2000,207.7381005
133,2000,21.18566994
134,2000,49.55174977
135,2000,56.82417976
136,2000,16.00153621
137,2000,173.1049966
138,2000,704.0198522999999
139,2000,473.2498806
142,2000,58.63183117
143,2000,57.45885249
144,2000,3.5416133000000003
145,2000,234.2793719
146,2000,142.9047629
147,2000,112.65828300000001
148,2000,60.61066827
149,2000,1855.142937
150,2000,19.65152003
151,2000,286.89718880000004
152,2000,7.85098909
153,2000,42.00202499
154,2000,311.38368260000004
155,2000,3.1758822999999996
156,2000,297.7708683
157,2000,185.687227
158,2000,614.3349642999999
159,2000,45.76841336
160,2000,3.03587225
161,2000,101.7264402
163,2000,744.8085202000001
164,2000,15.77176928
165,2000,3.32121574
166,2000,73.99003122
167,2000,42.3947245
168,2000,1935.180766
169,2000,1950.616538
170,2000,23.95333577
171,2000,1.31954275
187,2000,4.38215131
172,2000,37.04532973
174,2000,23.89261874
175,2000,4.0760665000000005
177,2000,64.50970769
178,2000,105.4684626
179,2000,67.23838171
180,2000,128.68841640000002
181,2000,35.86475902
182,2000,231.4395569
183,2000,4.19208651
184,2000,18.5137196
185,2000,576.7488035
186,2000,1392.935201
188,2000,2031.765381
189,2000,422.05441119999995
190,2000,13.97249003
191,2000,40.22642925
192,2000,113.56256609999998
193,2000,6.46622166
194,2000,13.60351098
195,2000,9.226036599999999
196,2000,31.48725574
1,2001,
2,2001,30.50961872
3,2001,52.50942325
4,2001,889.5899109
5,2001,18.32050967
6,2001,265.6781078
7,2001,367.2714099
8,2001,10.99669245
9,2001,1081.6690230000002
10,2001,1815.096639
11,2001,5.89876965
12,2001,523.8570467000001
13,2001,353.85720289999995
14,2001,27.12701507
15,2001,428.99623399999996
16,2001,58.50376474
17,2001,1413.946374
18,2001,87.98538101
19,2001,8.58306992
20,2001,39.290585
21,2001,35.96067065
22,2001,67.07272338
23,2001,126.2567332
24,2001,96.30129687
25,2001,431.5820682
26,2001,75.45206292
27,2001,4.10541823
28,2001,2.30144859
30,2001,5.26635134
31,2001,6.78171512
32,2001,1503.86074
29,2001,48.16935728
33,2001,3.81834228
34,2001,4.80916479
35,2001,159.30040209999999
36,2001,16.80674612
37,2001,125.2198555
38,2001,4.17148035
48,2001,0.31
39,2001,11.56316868
40,2001,229.5363929
41,2001,220.11509480000004
46,2001,5.97942732
42,2001,312.8649979
43,2001,160.862651
44,2001,328.8113964
45,2001,362.9827796
49,2001,2294.812253
50,2001,26.87293942
51,2001,159.9941122
52,2001,54.09615092
53,2001,26.98516489
54,2001,30.6662608
55,2001,82.28256426
56,2001,38.6155637
57,2001,4.82887192
58,2001,174.29276230000002
59,2001,3.22993665
61,2001,53.55355319
62,2001,1283.814909
63,2001,1773.692979
64,2001,44.81891314
65,2001,6.80644175
66,2001,9.53887342
67,2001,1903.195436
68,2001,8.64620641
69,2001,640.0400367999999
70,2001,230.89895499999997
71,2001,38.80729007
72,2001,4.30716184
73,2001,1.49115165
74,2001,43.42738979
75,2001,5.87583233
76,2001,43.60177438
77,2001,258.4808583
78,2001,2176.259761
79,2001,4.99358646
80,2001,7.15376637
81,2001,128.2421054
82,2001,0.43
83,2001,1386.672675
84,2001,949.83153
85,2001,1202.244154
86,2001,77.35312872
87,2001,2076.129616
88,2001,87.49050371
89,2001,29.23114925
90,2001,8.36946755
91,2001,62.64809759
140,2001,295.930171
92,2001,509.64334389999993
93,2001,6.02842394
94,2001,3.61211149
95,2001,110.2140722
96,2001,161.5986688
97,2001,15.52824888
98,2001,2.85916762
99,2001,143.26839760000001
100,2001,159.6386407
101,2001,2854.167202
173,2001,85.24349916
102,2001,7.58348185
103,2001,3.29785584
104,2001,84.30116837
105,2001,88.51105405
106,2001,7.44688566
107,2001,468.0742813999999
108,2001,354.544628
109,2001,11.71961884
110,2001,75.2503167
111,2001,167.0912415
112,2001,179.10901189999998
141,2001,13.08196155
113,2001,2170.479974
114,2001,19.9175002
115,2001,109.55477479999999
116,2001,18.49063533
117,2001,8.64986923
118,2001,0.31
119,2001,63.65096619
120,2001,252.27350750000002
121,2001,3.55393652
122,2001,1301.48448
123,2001,803.5894741000001
124,2001,29.47815717
125,2001,2.993863
126,2001,5.70092598
127,2001,1441.397585
128,2001,2785.236665
129,2001,215.5585108
130,2001,2.66868932
131,2001,535.563344
132,2001,203.0116493
133,2001,20.87422812
134,2001,37.28952481
135,2001,55.75879556
136,2001,12.79107991
137,2001,209.7119241
138,2001,715.8537898
139,2001,554.3689360000001
142,2001,64.21854648
143,2001,69.82822769
144,2001,4.2246296999999995
145,2001,222.88055269999998
146,2001,150.83446819999998
147,2001,117.50385590000002
148,2001,58.28576571
149,2001,1874.619598
150,2001,19.09655648
151,2001,288.1663327
152,2001,8.40541797
153,2001,78.78807453
154,2001,308.6843374
155,2001,3.99473143
156,2001,272.563439
157,2001,192.85414540000002
158,2001,646.303848
159,2001,58.72476572
160,2001,1.72263628
161,2001,90.48802947
163,2001,770.8664633999999
164,2001,14.34706248
165,2001,3.71702989
166,2001,62.59149302
167,2001,36.55738802
168,2001,1837.134334
169,2001,2110.1010079999996
170,2001,25.52427313
171,2001,1.64696084
187,2001,4.77269898
172,2001,33.80109831
174,2001,25.50068854
175,2001,3.33228247
177,2001,72.58090781
178,2001,133.3622003
179,2001,65.50305826
180,2001,105.06918470000001
181,2001,42.92528663
182,2001,245.1993099
183,2001,4.64300201
184,2001,24.10154515
185,2001,637.7671571000001
186,2001,1438.30008
188,2001,2231.182833
189,2001,379.7607472
190,2001,11.8547919
191,2001,37.94598408
192,2001,120.02488899999999
193,2001,7.21324206
194,2001,14.32208869
195,2001,11.728876699999999
196,2001,25.366150100000002
1,2002,0.83264313
2,2002,32.54990198
3,2002,54.07838073
4,2002,1022.332657
5,2002,14.31116488
6,2002,266.9494118
7,2002,120.72538259999999
8,2002,10.56810909
9,2002,1235.7445519999999
10,2002,1953.658872
11,2002,5.96268702
12,2002,555.9189012
13,2002,386.1386668
14,2002,29.3456711
15,2002,458.9086959
16,2002,66.80539004
17,2002,1528.223739
18,2002,87.22640558
19,2002,7.64305699
20,2002,58.54913073
21,2002,37.50208114
22,2002,78.79045249
23,2002,145.24293930000002
24,2002,90.66287565
25,2002,439.08936389999997
26,2002,94.32380116
27,2002,5.55976816
28,2002,2.01354966
30,2002,6.58007492
31,2002,8.55620152
32,2002,1563.6762449999999
29,2002,51.89797829
33,2002,4.39277025
34,2002,5.58609829
35,2002,156.9212744
36,2002,19.38332545
37,2002,123.14695459999999
38,2002,6.94563015
48,2002,0.27
39,2002,11.77705306
40,2002,208.0477303
41,2002,236.0791701
46,2002,6.92954707
42,2002,299.9270876
43,2002,171.69048069999997
44,2002,398.4901584
45,2002,472.809242
49,2002,2550.329852
50,2002,27.39419345
51,2002,160.3311801
52,2002,57.53833366
53,2002,36.24697924
54,2002,29.63563799
55,2002,85.50100079999999
56,2002,114.01552269999999
57,2002,3.6769519
58,2002,200.9248524
59,2002,2.86462516
61,2002,64.42938977
62,2002,1470.610225
63,2002,1982.9373640000001
64,2002,44.40504838
65,2002,5.913828400000001
66,2002,10.27922796
67,2002,2062.442079
68,2002,7.24089382
69,2002,707.8448753
70,2002,186.7981447
71,2002,38.61873693
72,2002,4.56350009
73,2002,3.96286049
74,2002,46.05981603
75,2002,4.29299397
76,2002,47.39982413
77,2002,348.3415315
78,2002,2657.869951
79,2002,4.88120375
80,2002,7.61058516
81,2002,44.82753799
82,2002,0.27
83,2002,1682.7282079999998
84,2002,864.4600732000001
85,2002,1324.741673
86,2002,103.16290620000001
87,2002,1993.845488
88,2002,92.90129335
89,2002,31.95989527
90,2002,7.75885741
91,2002,71.00578719
140,2002,319.26329280000004
92,2002,524.0563093000001
93,2002,6.89828748
94,2002,3.46390285
95,2002,129.3889493
96,2002,185.857336
97,2002,12.51725409
98,2002,1.91769505
99,2002,117.88191299999998
100,2002,196.67399369999998
101,2002,3577.409878
173,2002,102.9413308
102,2002,6.95370565
103,2002,6.55987679
104,2002,89.32519082
105,2002,87.73829388
106,2002,6.74618532
107,2002,583.7666267999999
108,2002,356.1620251
109,2002,16.22688738
110,2002,85.14411938
111,2002,173.5251409
112,2002,165.8598706
141,2002,18.537230100000002
113,2002,2400.0130480000003
114,2002,21.49380419
115,2002,120.3357969
116,2002,18.9197479
117,2002,9.82247319
118,2002,0.46
119,2002,60.92391604
120,2002,275.5187482
121,2002,3.5822962
122,2002,1502.176845
123,2002,969.1871438999999
124,2002,29.97596097
125,2002,3.36856378
126,2002,4.55433767
127,2002,455.0796489
128,2002,3455.9770310000004
129,2002,231.90391499999998
130,2002,4.16518423
131,2002,513.6156951
132,2002,221.6919225
133,2002,19.18306222
134,2002,26.03428651
135,2002,59.24122842
136,2002,11.26704328
137,2002,233.73636749999997
138,2002,804.5485633
139,2002,631.6059824
142,2002,79.60156466
143,2002,83.73846319
144,2002,4.21005855
145,2002,212.40298790000003
146,2002,151.0701814
147,2002,138.0113354
148,2002,65.42060675
149,2002,2578.444334
150,2002,21.38432091
151,2002,271.46164419999997
152,2002,10.37986738
153,2002,129.8669301
154,2002,330.38610819999997
155,2002,4.47891199
156,2002,241.4079758
157,2002,228.0320327
158,2002,733.4824107999999
159,2002,46.02412065
160,2002,
161,2002,81.44960646
163,2002,858.6886931
164,2002,14.75355905
165,2002,4.22295779
166,2002,79.86725679
167,2002,34.52024706
168,2002,2112.830606
169,2002,2390.604461
170,2002,26.21895287
171,2002,1.76117486
187,2002,4.60818282
172,2002,46.12850548
174,2002,24.39705483
175,2002,2.64229195
177,2002,69.89765482
178,2002,168.4382979
179,2002,67.27868146
180,2002,132.6971868
181,2002,45.98571236
182,2002,237.8487261
183,2002,5.20036305
184,2002,31.01435983
185,2002,578.2356147999999
186,2002,1639.444191
188,2002,2404.820625
189,2002,238.882058
190,2002,9.2626198
191,2002,39.24583068
192,2002,81.65673723
193,2002,6.82460938
194,2002,14.20221815
195,2002,14.71169463
196,2002,
1,2003,1.25011796
2,2003,40.60945675
3,2003,62.63720886
4,2003,1297.395724
5,2003,19.36453709
6,2003,278.5097619
7,2003,148.0747231
8,2003,13.90976579
9,2003,1535.714845
10,2003,2412.845413
11,2003,7.20606156
12,2003,582.2173938
13,2003,428.0109575
14,2003,30.439731400000003
15,2003,456.33097000000004
16,2003,87.45211909
17,2003,2251.360837
18,2003,95.41694201
19,2003,10.97839059
20,2003,37.34348738
21,2003,30.68671749
22,2003,123.092615
23,2003,180.4147025
24,2003,94.77183957
25,2003,487.6687193
26,2003,124.74431409999998
27,2003,8.17350386
28,2003,1.64916192
30,2003,8.41755226
31,2003,10.80859562
32,2003,1878.2163239999998
29,2003,59.80442552
33,2003,4.72110698
34,2003,8.094227799999999
35,2003,134.200414
36,2003,22.15497783
37,2003,122.5332713
38,2003,9.46252379
48,2003,1.15604805
39,2003,13.45971595
40,2003,295.7330008
41,2003,242.4763386
46,2003,7.68180406
42,2003,409.2205243
43,2003,180.5864894
44,2003,557.3329074
45,2003,598.2321961
49,2003,3171.551616
50,2003,33.56469525
51,2003,160.5651895
52,2003,43.843294
53,2003,32.10657473
54,2003,23.44559259
55,2003,86.54370249
56,2003,82.74382879
57,2003,3.63425302
58,2003,279.02336569999994
59,2003,3.43005665
61,2003,76.50226654
62,2003,1914.7698309999998
63,2003,2493.046782
64,2003,67.20445554
65,2003,7.62306031
66,2003,10.98147169
67,2003,2516.989357
68,2003,9.20902477
69,2003,942.7475592000001
70,2003,176.52906389999998
71,2003,42.32847392
72,2003,5.23160332
73,2003,4.69637119
74,2003,44.22050809
75,2003,3.01952537
76,2003,58.96514343
77,2003,502.3603057
78,2003,3301.293869
79,2003,5.39036747
80,2003,10.7449321
81,2003,44.27991109
82,2003,8.32263132
83,2003,2224.009927
84,2003,860.4107359
85,2003,1626.517456
86,2003,82.11467475
87,2003,2164.588704
88,2003,91.82544981
89,2003,41.51922177
90,2003,8.50528863
91,2003,96.13376303
140,2003,365.3971443
92,2003,583.4004328999999
93,2003,7.89142986
94,2003,4.58597183
95,2003,155.9032776
96,2003,170.2946576
97,2003,19.27115052
98,2003,1.56482778
99,2003,121.3484689
100,2003,266.84992819999997
101,2003,4168.272582
173,2003,127.8621801
102,2003,7.34521488
103,2003,9.1407055
104,2003,114.0776438
105,2003,109.55655870000001
106,2003,9.40192167
107,2003,751.8912554
108,2003,320.4019038
109,2003,15.16402167
110,2003,99.51634684
111,2003,175.32664599999998
112,2003,204.22764619999998
141,2003,21.74744774
113,2003,3443.7592759999998
114,2003,21.78283897
115,2003,181.39265690000002
116,2003,23.347123800000002
117,2003,9.72063858
118,2003,0.49
119,2003,91.39530158
120,2003,321.8583273
121,2003,3.53452631
122,2003,1983.622893
123,2003,1254.828077
124,2003,34.84380602
125,2003,3.66074574
126,2003,8.59454941
127,2003,699.582908
128,2003,4132.797737
129,2003,243.20193819999997
130,2003,3.65398093
131,2003,538.3287642999999
132,2003,208.8261106
133,2003,19.91103479
134,2003,23.18990199
135,2003,60.34586368
136,2003,13.31829361
137,2003,247.7188308
138,2003,1026.031779
139,2003,1256.123349
142,2003,123.7756452
143,2003,97.98340427
144,2003,6.97107664
145,2003,201.63518480000002
146,2003,146.3855789
147,2003,142.53428
148,2003,73.51462076
149,2003,2431.291277
150,2003,39.91569675
151,2003,278.267668
152,2003,13.92972312
153,2003,163.3393494
154,2003,372.9918723
155,2003,4.7311251
156,2003,319.610943
157,2003,317.84126069999996
158,2003,903.6036187999999
159,2003,42.19648565
160,2003,
161,2003,126.0849689
163,2003,1207.957055
164,2003,16.03928131
165,2003,5.54278344
166,2003,87.6659947
167,2003,63.63768054
168,2003,2682.286646
169,2003,2882.586789
170,2003,29.15275587
171,2003,2.23321252
187,2003,5.87900438
172,2003,49.85893655
174,2003,26.0843422
175,2003,4.66110173
177,2003,88.09097697
178,2003,207.98670969999998
179,2003,79.97758776
180,2003,173.7337511
181,2003,66.57246174
182,2003,410.0334129
183,2003,5.27805713
184,2003,42.53842304
185,2003,611.0674684999999
186,2003,1941.456504
188,2003,2608.07098
189,2003,178.35126359999998
190,2003,9.45909681
191,2003,43.44063664
192,2003,72.46413609
193,2003,8.14594661
194,2003,16.65132689
195,2003,16.21507513
196,2003,
1,2004,1.61415968
2,2004,63.93560085
3,2004,63.22939519
4,2004,1517.2119050000001
5,2004,19.66478251
6,2004,290.6163123
7,2004,173.8019466
8,2004,16.27603376
9,2004,1915.153068
10,2004,2787.684689
11,2004,10.52992715
12,2004,633.1496874
13,2004,443.9407416
14,2004,33.69826166
15,2004,472.17581359999997
16,2004,115.40074640000002
17,2004,2677.6519359999998
18,2004,96.49528977
19,2004,11.91078734
20,2004,34.93704175
21,2004,32.59996079
22,2004,138.9196321
23,2004,346.1220547
24,2004,121.04390670000001
25,2004,557.919248
26,2004,144.72852659999998
27,2004,12.15183052
28,2004,3.43966923
30,2004,9.25904436
31,2004,10.38168348
32,2004,2132.4033870000003
29,2004,78.64092601
33,2004,4.90437841
34,2004,8.45104748
35,2004,167.33113569999998
36,2004,26.6265517
37,2004,145.16845690000002
38,2004,11.825484699999999
48,2004,1.41596712
39,2004,18.42324314
40,2004,327.6797831
41,2004,246.26252799999997
46,2004,9.35446933
42,2004,497.6903343
43,2004,185.8327482
44,2004,587.9303382
45,2004,687.248551
49,2004,3692.80563
50,2004,29.26797065
51,2004,161.2995745
52,2004,36.15062773
53,2004,37.55051908
54,2004,23.80943117
55,2004,93.36862177
56,2004,108.20594059999999
57,2004,3.7806895
58,2004,345.34335580000004
59,2004,3.42651674
61,2004,96.15413165
62,2004,2225.737654
63,2004,2861.5022059999997
64,2004,73.17871454
65,2004,9.96626366
66,2004,14.82560228
67,2004,2706.498338
68,2004,15.98087472
69,2004,1067.382848
70,2004,157.5728788
71,2004,42.07417242
72,2004,3.70477448
73,2004,3.38795062
74,2004,58.84473138
75,2004,4.1604993
76,2004,55.34890609
77,2004,588.1576217
78,2004,3714.654742
79,2004,6.00643062
80,2004,10.69022253
81,2004,50.74795515
82,2004,45.04528515
83,2004,2668.25988
84,2004,880.5043089
85,2004,1952.34602
86,2004,103.9833745
87,2004,2352.0917289999998
88,2004,107.10681740000001
89,2004,65.77788127
90,2004,8.32559084
91,2004,111.8745469
140,2004,414.9817787
92,2004,595.9849431
93,2004,10.02955722
94,2004,3.36217385
95,2004,218.91637590000002
96,2004,194.5766105
97,2004,23.74531933
98,2004,1.9551535
99,2004,128.5010906
100,2004,252.6958355
101,2004,5179.52269
173,2004,141.1433066
102,2004,5.99243099
103,2004,12.03233915
104,2004,108.4196368
105,2004,132.8989783
106,2004,12.060951
107,2004,854.7465551000001
108,2004,350.7758259
109,2004,18.62680443
110,2004,120.42169720000001
111,2004,198.6838716
112,2004,217.21099069999997
141,2004,30.14881629
113,2004,4047.64108
114,2004,26.02728142
115,2004,206.4922378
116,2004,27.06218522
117,2004,9.91204806
118,2004,0.66716483
119,2004,103.6897823
120,2004,291.43172369999996
121,2004,4.74571701
122,2004,2234.858951
123,2004,1571.716694
124,2004,36.66055244
125,2004,4.26197149
126,2004,14.65178305
127,2004,1020.3677560000001
128,2004,4542.518377
129,2004,253.47453650000003
130,2004,4.3236873
131,2004,632.5809221
132,2004,253.4910807
133,2004,24.88154
134,2004,27.74886477
135,2004,65.7056062
136,2004,13.98412564
137,2004,281.6806268
138,2004,1190.654007
139,2004,1347.603942
142,2004,143.39218590000002
143,2004,126.5747251
144,2004,7.72612677
145,2004,193.1086681
146,2004,159.4893841
147,2004,145.3342586
148,2004,86.45526889
149,2004,2907.625426
150,2004,36.98282916
151,2004,285.54318860000006
152,2004,16.22136241
153,2004,188.97160119999998
154,2004,400.5709771
155,2004,3.19768393
156,2004,282.8202494
157,2004,416.8701975
158,2004,1032.86244
159,2004,42.60468762
160,2004,
161,2004,151.06972340000002
163,2004,1413.5988810000001
164,2004,20.62963277
165,2004,7.59122205
166,2004,100.1109014
167,2004,68.92683821
168,2004,2977.2338440000003
169,2004,3213.200029
170,2004,29.07131555
171,2004,3.06441209
187,2004,5.18299026
172,2004,55.71091522
174,2004,28.11024802
175,2004,6.16070309
177,2004,95.26627072
178,2004,233.17572119999997
179,2004,92.54257544
180,2004,220.7062636
181,2004,73.18861115
182,2004,370.3215902
183,2004,5.92297374
184,2004,53.10846255
185,2004,588.3172591
186,2004,2392.048021
188,2004,2785.60295
189,2004,172.326203
190,2004,10.57956357
191,2004,45.75535198
192,2004,99.02271731
193,2004,8.37313093
194,2004,14.4603234
195,2004,18.40720659
196,2004,
1,2005,2.52506627
2,2005,71.35659984
3,2005,69.29563633
4,2005,1628.698412
5,2005,27.1210765
6,2005,304.66974910000005
7,2005,217.02102680000002
8,2005,23.63018997
9,2005,2097.8566079999996
10,2005,2917.158741
11,2005,13.58627127
12,2005,634.8956344
13,2005,475.118403
14,2005,37.36466997
15,2005,498.0628681
16,2005,154.4385236
17,2005,2746.236707
18,2005,105.0146207
19,2005,13.43001587
20,2005,43.94919531
21,2005,38.56219573
22,2005,144.4628506
23,2005,310.94278030000004
24,2005,155.55158459999998
25,2005,581.775222
26,2005,166.6771776
27,2005,15.74706853
28,2005,4.667533000000001
30,2005,7.21796047
31,2005,10.58456982
32,2005,2425.7901260000003
29,2005,75.62507738
33,2005,4.42546509
34,2005,10.53202634
35,2005,201.11800469999997
36,2005,31.15907201
37,2005,177.65253090000002
38,2005,13.45292869
48,2005,2.19519292
39,2005,24.6548485
40,2005,414.0637133
41,2005,252.82493340000002
46,2005,7.7443313
42,2005,606.3849489
43,2005,281.8255265
44,2005,588.6310086
45,2005,769.4165322
49,2005,3924.454507
50,2005,43.22846503
51,2005,162.2106691
52,2005,62.65970472
53,2005,40.51718398
54,2005,26.78763611
55,2005,106.0405952
56,2005,134.97176299999998
57,2005,3.60111426
58,2005,397.56755489999995
59,2005,4.14290811
61,2005,107.32332720000001
62,2005,2371.539277
63,2005,2983.865931
64,2005,69.44045765
65,2005,10.40116047
66,2005,23.60587198
67,2005,2778.183623
68,2005,23.10241233
69,2005,1255.702281
70,2005,196.84060019999998
71,2005,45.98963083
72,2005,1.83262798
73,2005,3.74130392
74,2005,66.64265536
75,2005,4.17099326
76,2005,53.6086973
77,2005,657.3987202000001
78,2005,4346.9631
79,2005,7.31977194
80,2005,11.47524084
81,2005,69.01318439
82,2005,41.71801973
83,2005,2842.398905
84,2005,898.3531688999999
85,2005,2066.307516
86,2005,83.22973525
87,2005,2388.310007
88,2005,108.4319203
89,2005,94.93908938
90,2005,9.685073
91,2005,109.0998594
140,2005,526.0669445
92,2005,677.5122682
93,2005,11.61524874
94,2005,2.58358629
95,2005,251.85465980000004
96,2005,198.186917
97,2005,21.92428712
98,2005,2.66680317
99,2005,137.8290773
100,2005,302.23280980000004
101,2005,5464.8032299999995
173,2005,146.8734865
102,2005,6.91845663
103,2005,13.03385834
104,2005,97.93904691
105,2005,173.852205
106,2005,11.64713399
107,2005,956.9491687999999
108,2005,349.6129585
109,2005,18.61847995
110,2005,110.7452394
111,2005,215.17670040000002
112,2005,258.4377485
141,2005,34.714217700000006
113,2005,4228.13975
114,2005,26.29112699
115,2005,216.9946417
116,2005,28.07936326
117,2005,13.63886125
118,2005,0.46
119,2005,124.97429
120,2005,302.0232555
121,2005,5.72940663
122,2005,2326.799496
123,2005,1823.176709
124,2005,40.21245348
125,2005,7.72255381
126,2005,15.46138954
127,2005,1035.671771
128,2005,4962.985986
129,2005,272.1925865
130,2005,4.81190674
131,2005,610.1175525
132,2005,248.5856096
133,2005,24.55736507
134,2005,31.16275087
135,2005,76.33859239
136,2005,16.51698283
137,2005,342.925356
138,2005,1262.857574
139,2005,1375.073014
142,2005,203.8365757
143,2005,171.58584399999998
144,2005,10.33545499
145,2005,212.32669840000003
146,2005,163.8638184
147,2005,149.844111
148,2005,92.6897135
149,2005,2913.939451
150,2005,43.27685393
151,2005,338.6134758
152,2005,23.88553565
153,2005,202.6037018
154,2005,410.65198050000004
155,2005,4.38020894
156,2005,301.7501
157,2005,465.97158210000003
158,2005,1083.105655
159,2005,67.98503174
160,2005,
161,2005,174.5228649
163,2005,1522.881746
164,2005,23.37103342
165,2005,9.77208554
166,2005,124.6269249
167,2005,82.0100062
168,2005,3018.049137
169,2005,3313.13469
170,2005,31.60035514
171,2005,4.09852371
187,2005,6.87143215
172,2005,60.41669254
174,2005,39.37183222
175,2005,7.41416295
177,2005,145.6254915
178,2005,363.70517739999997
179,2005,93.34450009
180,2005,259.3314397
181,2005,73.11018436
182,2005,402.20669530000004
183,2005,7.25685404
184,2005,69.97515955
185,2005,607.500304
186,2005,2554.011382
188,2005,2953.5824039999998
189,2005,219.12603819999998
190,2005,12.5558759
191,2005,44.37377079
192,2005,128.2119954
193,2005,9.83805766
194,2005,14.30365029
195,2005,24.04921197
196,2005,
1,2006,2.81377948
2,2006,75.55251418
3,2006,81.67970568
4,2006,1853.281652
5,2006,50.84873501
6,2006,350.9846955
7,2006,258.8463162
8,2006,32.99302227
9,2006,2217.438755
10,2006,3040.373513
11,2006,20.83838759
12,2006,804.412695
13,2006,484.6767156
14,2006,43.02184554
15,2006,542.4535437000001
16,2006,168.2501785
17,2006,2685.2919920000004
18,2006,113.21511170000001
19,2006,14.26014422
20,2006,56.17043323
21,2006,41.25261171
22,2006,169.43738059999998
23,2006,290.83239469999995
24,2006,204.98809609999998
25,2006,597.5045941000001
26,2006,169.37797790000002
27,2006,14.87443847
28,2006,6.17533156
30,2006,7.98475091
31,2006,10.76372672
32,2006,2729.819306
29,2006,95.12335782
33,2006,4.838678400000001
34,2006,7.83017746
35,2006,249.2792471
36,2006,37.96834315
37,2006,193.1543716
38,2006,15.41394391
48,2006,2.7823269
39,2006,31.74426896
40,2006,358.5651224
41,2006,282.815428
46,2006,8.50869532
42,2006,679.8036473999999
43,2006,332.2480206
44,2006,622.0162884
45,2006,839.0037457999998
49,2006,4238.812169
50,2006,43.90938032
51,2006,179.184301
52,2006,78.01417473
53,2006,48.82804266
54,2006,33.245319300000006
55,2006,125.8212831
56,2006,184.91538369999998
57,2006,3.83343975
58,2006,459.09962
59,2006,4.60563612
61,2006,112.8884493
62,2006,2466.1685780000003
63,2006,3108.358127
64,2006,81.45212396
65,2006,10.941075699999999
66,2006,30.88649053
67,2006,2864.478973
68,2006,27.10749444
69,2006,1419.613416
70,2006,216.8965036
71,2006,56.45563501
72,2006,2.15751003
73,2006,3.6466
74,2006,76.74629117
75,2006,6.97834329
76,2006,54.27817003
77,2006,658.597168
78,2006,4236.161679
79,2006,8.2100212
80,2006,16.42419098
81,2006,80.84614609999998
82,2006,42.14838735
83,2006,3014.484497
84,2006,929.6865821
85,2006,2183.073001
86,2006,102.1956937
87,2006,2221.027682
88,2006,119.63317109999998
89,2006,121.97543459999999
90,2006,11.47990469
91,2006,104.7312607
140,2006,659.182655
92,2006,789.2181857999999
93,2006,16.52530125
94,2006,3.10770519
95,2006,378.4507627
96,2006,189.9989852
97,2006,28.60495774
98,2006,3.37054219
99,2006,147.37987030000002
100,2006,383.7407478
101,2006,5944.163061
173,2006,164.0036796
102,2006,7.92518463
103,2006,14.63257591
104,2006,128.6950031
105,2006,206.6502126
106,2006,12.78233262
107,2006,1002.155491
108,2006,383.8277204
109,2006,19.09764893
110,2006,110.17763659999999
111,2006,232.58753670000002
112,2006,254.26492149999999
141,2006,44.8478256
113,2006,4350.907024
114,2006,33.84222094
115,2006,241.5566457
116,2006,36.6517211
117,2006,13.16785805
118,2006,0.83561604
119,2006,117.8324071
120,2006,315.147808
121,2006,7.02647531
122,2006,3049.457386
123,2006,1837.781783
124,2006,42.90352052
125,2006,8.60331052
126,2006,20.09591372
127,2006,1263.026134
128,2006,5234.250633
129,2006,278.25358719999997
130,2006,6.38281942
131,2006,662.3856879
132,2006,245.5545222
133,2006,23.67643581
134,2006,41.58155161
135,2006,84.26717884
136,2006,17.129399600000003
137,2006,388.2770185
138,2006,1264.511324
139,2006,1351.689017
142,2006,231.44591549999998
143,2006,231.38336529999998
144,2006,16.48278871
145,2006,298.3871627
146,2006,197.57921169999997
147,2006,178.526979
148,2006,109.8586729
149,2006,2940.099316
150,2006,32.3140711
151,2006,401.4368557
152,2006,27.96901832
153,2006,233.9332656
154,2006,428.177085
155,2006,4.00711816
156,2006,322.7879837
157,2006,519.5901815000001
158,2006,1159.844646
159,2006,58.95872236
160,2006,
161,2006,183.9063962
163,2006,1669.622827
164,2006,27.85828458
165,2006,14.89219311
166,2006,165.2795878
167,2006,97.62497814
168,2006,3190.283223
169,2006,3292.756151
170,2006,32.17127143
171,2006,4.89757769
187,2006,13.79696161
172,2006,78.17882959
174,2006,44.19350087
175,2006,8.98786089
177,2006,138.31301509999997
178,2006,370.868758
179,2006,101.40641049999999
180,2006,301.37457870000003
181,2006,68.86366881
182,2006,447.00543799999997
183,2006,7.01639587
184,2006,89.83861439
185,2006,658.4885879
186,2006,2778.884258
188,2006,3174.434494
189,2006,261.9543203
190,2006,15.93992915
191,2006,50.80490573
192,2006,161.5750793
193,2006,15.35333919
194,2006,16.30562847
195,2006,35.028628000000005
196,2006,
1,2007,3.50342621
2,2007,88.76263385
3,2007,108.9047466
4,2007,2102.019346
5,2007,68.38520496
6,2007,396.55510519999996
7,2007,333.8596953
8,2007,48.33147887
9,2007,2670.987968
10,2007,3517.0343740000003
11,2007,36.72726007
12,2007,804.8050696
13,2007,512.7890105
14,2007,47.40518493
15,2007,559.6989022000001
16,2007,207.1716943
17,2007,3065.374217
18,2007,133.06439369999998
19,2007,16.0
20,2007,73.81325254
21,2007,44.36192603
22,2007,222.6940035
23,2007,386.0124102
24,2007,255.086881
25,2007,661.4752416
26,2007,218.07343280000003
27,2007,17.96419923
28,2007,6.65175068
30,2007,10.2874399
31,2007,11.86685153
32,2007,3047.985636
29,2007,103.04320759999999
33,2007,5.7184189000000005
34,2007,6.59563377
35,2007,295.1038132
36,2007,53.72577706
37,2007,239.17191359999998
38,2007,19.1019218
48,2007,3.69746663
39,2007,34.68345531
40,2007,427.0959761
41,2007,352.7053338
46,2007,13.64203621
42,2007,877.25859
43,2007,556.6317096
44,2007,713.0556332
45,2007,971.5002895
49,2007,4800.050817
50,2007,53.93754142
51,2007,192.8449634
52,2007,83.0574447
53,2007,55.4523846
54,2007,34.88115897
55,2007,122.2940335
56,2007,259.7430293
57,2007,4.09336808
58,2007,638.9208812999999
59,2007,6.69566501
61,2007,113.267473
62,2007,2783.914137
63,2007,3511.8650729999995
64,2007,102.5436551
65,2007,10.36076967
66,2007,33.39486509
67,2007,3233.3200460000003
68,2007,40.88545070000001
69,2007,1615.576642
70,2007,212.1172708
71,2007,61.38394096
72,2007,1.82546028
73,2007,4.44313513
74,2007,69.84049354
75,2007,8.24446187
76,2007,62.843612300000004
77,2007,719.5817457
78,2007,5120.754384000001
79,2007,10.42370188
80,2007,23.14719097
81,2007,98.09842754
82,2007,75.00771462
83,2007,3500.000333
84,2007,1032.328487
85,2007,2368.986084
86,2007,119.7316459
87,2007,2255.307744
88,2007,150.77925119999998
89,2007,120.8744447
90,2007,13.61399948
91,2007,147.5601728
140,2007,761.6666245
92,2007,786.8458975
93,2007,23.91327321
94,2007,3.30656579
95,2007,535.5154869
96,2007,212.28328419999997
97,2007,42.45953196
98,2007,5.88302741
99,2007,224.3295795
100,2007,529.0097532
101,2007,6414.460518
173,2007,176.1840096
102,2007,10.59951635
103,2007,12.70010056
104,2007,143.2565634
105,2007,221.86047349999998
106,2007,14.21734474
107,2007,1057.172522
108,2007,409.0247046
109,2007,22.40216844
110,2007,114.40261070000001
111,2007,256.1334596
112,2007,258.9403312
141,2007,60.53275693
113,2007,4913.326159
114,2007,48.54764447
115,2007,317.358313
116,2007,45.56066502
117,2007,12.95589054
118,2007,0.88191069
119,2007,154.0541061
120,2007,412.0392542
121,2007,6.96268672
122,2007,3478.576893
123,2007,2219.9935769999997
124,2007,50.83599009
125,2007,8.17924626
126,2007,26.82488471
127,2007,1573.704773
128,2007,6149.787313000001
129,2007,323.0091688
130,2007,6.91919772
131,2007,691.2565861
132,2007,255.23215469999997
133,2007,23.15285428
134,2007,49.16243024
135,2007,113.26408870000002
136,2007,19.91601287
137,2007,508.0484956
138,2007,1435.37791
139,2007,1314.775767
142,2007,341.81594029999997
143,2007,313.1829744
144,2007,17.16117675
145,2007,291.86256910000003
146,2007,195.285158
147,2007,201.9695331
148,2007,141.8995889
149,2007,3310.543191
150,2007,32.9850024
151,2007,408.8935855
152,2007,31.67709105
153,2007,335.4710228
154,2007,380.8392813
155,2007,2.82082599
156,2007,366.65747789999995
157,2007,720.1692588999999
158,2007,1318.374821
159,2007,63.86744674
160,2007,
161,2007,202.19697019999998
163,2007,1947.6772219999998
164,2007,29.35771437
165,2007,23.06922902
166,2007,171.3886544
167,2007,97.87603725
168,2007,3667.941643
169,2007,3586.1855729999997
170,2007,38.94114241
171,2007,6.67231721
187,2007,14.96415511
172,2007,99.10426928
174,2007,42.97399785
175,2007,9.61979178
177,2007,174.2226034
178,2007,387.0333888
179,2007,113.430761
180,2007,375.4009631
181,2007,74.17088586
182,2007,474.89814759999996
183,2007,7.32491688
184,2007,121.20232320000001
185,2007,717.9980244
186,2007,3156.501937
188,2007,3356.070268
189,2007,306.94298829999997
190,2007,19.34177596
191,2007,77.49118913
192,2007,221.6761816
193,2007,23.34571095
194,2007,17.08513791
195,2007,31.10667411
196,2007,
1,2008,3.74461289
2,2008,109.0742842
3,2008,147.8207065
4,2008,2369.6844920000003
5,2008,125.54511000000001
6,2008,408.58569
7,2008,437.0032935
8,2008,63.53859502
9,2008,2875.4608829999997
10,2008,3976.358149
11,2008,45.04588745
12,2008,829.1848864
13,2008,565.1189489
14,2008,49.06882266
15,2008,627.514953
16,2008,242.96447379999998
17,2008,3563.699189
18,2008,137.8537704
19,2008,17.0
20,2008,80.91950447
21,2008,55.60305940000001
22,2008,294.1922506
23,2008,407.2406372
24,2008,305.7357418
25,2008,754.3002887
26,2008,277.5574139
27,2008,21.56151702
28,2008,6.80837092
30,2008,12.65904548
31,2008,13.04549914
32,2008,3258.486529
29,2008,113.90373229999999
33,2008,6.15473433
34,2008,6.04398315
35,2008,336.9105548
36,2008,78.2202325
37,2008,266.1789425
38,2008,23.22485312
48,2008,6.45543787
39,2008,38.70418191
40,2008,420.02603210000007
41,2008,413.1338945
46,2008,17.05693465
42,2008,1038.836199
43,2008,557.0487717999999
44,2008,796.0664682999999
45,2008,1216.59906
49,2008,5390.313138
50,2008,56.08224869
51,2008,204.20661280000002
52,2008,99.70800637
53,2008,71.6382421
54,2008,42.71494519
55,2008,128.29494
56,2008,418.35472749999997
57,2008,5.38802777
58,2008,836.0005607999999
59,2008,7.28726668
61,2008,115.54308909999999
62,2008,3166.920942
63,2008,3839.0048469999997
64,2008,115.08569250000001
65,2008,12.65679575
66,2008,51.83188353
67,2008,3611.940942
68,2008,39.76349477
69,2008,1845.3351690000002
70,2008,213.8970216
71,2008,68.5392064
72,2008,3.60337113
73,2008,5.07197533
74,2008,139.39282849999998
75,2008,8.92405727
76,2008,70.81831128
77,2008,794.0160016
78,2008,4117.228351
79,2008,11.92058097
80,2008,24.80030645
81,2008,128.0676512
82,2008,119.95366940000001
83,2008,4019.9684810000003
84,2008,1251.1941869999998
85,2008,2690.7687960000003
86,2008,145.81385500000002
87,2008,2627.896816
88,2008,203.9407889
89,2008,192.85599219999997
90,2008,13.09886831
91,2008,144.280328
140,2008,692.2814736
92,2008,873.8055228000001
93,2008,27.26202019
94,2008,9.55544934
95,2008,608.6408763
96,2008,241.01832760000002
97,2008,46.44791055
98,2008,9.06686013
99,2008,329.5527533
100,2008,676.4639561
101,2008,6770.178177
173,2008,222.7318556
102,2008,14.86741267
103,2008,13.25724954
104,2008,169.10807580000002
105,2008,315.6693918
106,2008,15.63293527
107,2008,1035.751978
108,2008,390.8392353
109,2008,24.37511567
110,2008,133.8922111
111,2008,280.8001629
112,2008,276.5722259
141,2008,91.41377875
113,2008,5869.560715
114,2008,68.06621585
115,2008,404.1167271
116,2008,54.340858
117,2008,12.89819009
118,2008,1.17505794
119,2008,150.1934551
120,2008,430.5239273
121,2008,8.902866699999999
122,2008,3943.438724
123,2008,2336.346125
124,2008,57.70872616
125,2008,10.08084024
126,2008,32.64534422
127,2008,1718.235179
128,2008,6803.230154999999
129,2008,365.9088972
130,2008,7.38773949
131,2008,650.8309932999999
132,2008,340.8791347
133,2008,30.10771824
134,2008,66.32466498
135,2008,159.697794
136,2008,20.94124521
137,2008,702.4991313999999
138,2008,1551.666832
139,2008,1299.770669
142,2008,424.0663943
143,2008,360.58176210000005
144,2008,20.89012863
145,2008,270.19309239999995
146,2008,238.7735721
147,2008,251.36648730000002
148,2008,144.2330694
149,2008,3595.6976329999998
150,2008,35.59100619
151,2008,375.3277997
152,2008,35.51729159
153,2008,417.41326180000004
154,2008,331.8198447
155,2008,4.58217921
156,2008,457.68324220000005
157,2008,947.8056856000001
158,2008,1657.9930789999999
159,2008,65.84194079
160,2008,
161,2008,203.0555642
163,2008,2273.560984
164,2008,31.67796793
165,2008,32.04436732
166,2008,185.86378530000002
167,2008,104.2630958
168,2008,3966.023203
169,2008,4164.21968
170,2008,41.82282367
171,2008,10.58100067
187,2008,16.50957144
172,2008,120.6416187
174,2008,44.37236716
175,2008,13.21661836
177,2008,175.69027309999998
178,2008,444.3957654
179,2008,133.167342
180,2008,455.44953
181,2008,41.10773108
182,2008,623.2485918
183,2008,7.78474969
184,2008,149.6985246
185,2008,1007.943614
186,2008,3130.5868370000003
188,2008,3554.2387439999998
189,2008,459.6498331
190,2008,26.31500891
191,2008,97.95105059
192,2008,268.9268716
193,2008,23.80215849
194,2008,21.131587699999997
195,2008,43.1885424
196,2008,
1,2009,3.90888662
2,2009,106.8937449
3,2009,143.160577
4,2009,2357.761806
5,2009,180.914189
6,2009,403.1583183
7,2009,487.7490518
8,2009,55.95422301
9,2009,2682.596575
10,2009,3909.672128
11,2009,65.41126535
12,2009,815.0804768999999
13,2009,540.1227957000001
14,2009,53.05791841
15,2009,493.64476060000004
16,2009,198.9302179
17,2009,3566.5385899999997
18,2009,154.1646767
19,2009,18.0
20,2009,78.46262503
21,2009,58.37370229999999
22,2009,303.4947345
23,2009,441.99418210000005
24,2009,319.84470560000005
25,2009,709.723508
26,2009,256.0841118
27,2009,19.312615899999997
28,2009,6.72102469
30,2009,14.97304379
31,2009,15.64593849
32,2009,3191.405747
29,2009,111.215548
33,2009,6.24655364
34,2009,5.60810331
35,2009,382.05694289999997
36,2009,100.4264327
37,2009,278.4425001
38,2009,12.60431807
48,2009,7.47958038
39,2009,31.80142026
40,2009,407.68643660000004
41,2009,449.44519230000003
46,2009,12.73029336
42,2009,943.7414136
43,2009,623.2671946
44,2009,745.091645
45,2009,1254.765028
49,2009,5486.623435
50,2009,65.45350795
51,2009,223.16031150000003
52,2009,115.3919253
53,2009,111.9442361
54,2009,44.87343997
55,2009,137.27957880000002
56,2009,611.6523527
57,2009,5.09138496
58,2009,757.9490211
59,2009,8.32716506
61,2009,101.4838478
62,2009,3046.940811
63,2009,3771.8815950000003
64,2009,127.32786509999998
65,2009,14.30996948
66,2009,55.88835081
67,2009,3630.0536399999996
68,2009,30.89110204
69,2009,1859.338884
70,2009,227.277779
71,2009,68.81293245
72,2009,2.05708212
73,2009,5.08511028
74,2009,144.4209281
75,2009,8.72953902
76,2009,89.17444164
77,2009,667.1637724
78,2009,3039.101493
79,2009,13.42071482
80,2009,25.98027564
81,2009,118.07050520000001
82,2009,156.461959
83,2009,3530.810697
84,2009,1209.062504
85,2009,2588.179735
86,2009,126.007263
87,2009,3090.291205
88,2009,262.4304952
89,2009,192.97682749999998
90,2009,15.400924900000001
91,2009,134.43530239999998
140,2009,688.9708981000001
92,2009,1348.850085
93,2009,30.24635346
94,2009,11.06180514
95,2009,466.2867657
96,2009,258.6224138
97,2009,55.74243208
98,2009,9.66351771
99,2009,282.49288260000003
100,2009,613.5253453
101,2009,6942.290108
173,2009,207.05861140000002
102,2009,11.45714755
103,2009,16.51971563
104,2009,176.3120869
105,2009,215.5668785
106,2009,15.62985912
107,2009,1080.507906
108,2009,453.7032425
109,2009,20.01657036
110,2009,141.9421858
111,2009,253.1964575
112,2009,304.6786056
141,2009,92.42500552
113,2009,5857.177065999999
114,2009,52.94669124
115,2009,442.85717360000007
116,2009,58.71159882
117,2009,16.77045023
118,2009,1.61881102
119,2009,163.1077321
120,2009,407.8255233
121,2009,9.60108593
122,2009,4545.568622
123,2009,2243.254437
124,2009,56.96380852
125,2009,9.55398497
126,2009,23.36574202
127,2009,1811.7637109999998
128,2009,6334.996177
129,2009,409.9510139
130,2009,6.99433464
131,2009,665.9843678999999
132,2009,421.8206313
133,2009,30.85227659
134,2009,57.40573189
135,2009,136.0242258
136,2009,23.21940185
137,2009,599.9148133
138,2009,1604.255773
139,2009,1264.302784
142,2009,341.06947189999994
143,2009,301.5799923
144,2009,25.0534302
145,2009,257.4958635
146,2009,293.7698626
147,2009,240.95753870000001
148,2009,131.7999864
149,2009,3290.863622
150,2009,37.30462157
151,2009,379.45320289999995
152,2009,32.49709906
153,2009,356.6351793
154,2009,279.47090519999995
155,2009,4.7467426
156,2009,553.1065129
157,2009,968.0139713
158,2009,1637.800466
159,2009,95.46393185
160,2009,
161,2009,227.89918280000003
163,2009,2232.16442
164,2009,30.07473532
165,2009,25.9328582
166,2009,238.2923281
167,2009,112.1915102
168,2009,3542.7824149999997
169,2009,4290.42584
170,2009,43.9025242
171,2009,10.85271123
187,2009,17.935685999999997
172,2009,119.44475659999999
174,2009,42.63445724
175,2009,17.56904368
177,2009,114.9735783
178,2009,513.8457802
179,2009,133.1164144
180,2009,432.37377310000005
181,2009,54.68129555
182,2009,402.310645
183,2009,9.58457551
184,2009,110.0695521
185,2009,1310.87815
186,2009,2894.527943
188,2009,3794.8520869999998
189,2009,513.9789143999999
190,2009,33.12630874
191,2009,110.1447889
192,2009,275.4895807
193,2009,28.94738283
194,2009,16.7946704
195,2009,36.66427176
196,2009,
1,2010,4.39040759
2,2010,94.02361264
3,2010,138.84092280000002
4,2010,2172.379162
5,2010,101.5915272
6,2010,489.45570039999996
7,2010,405.0588753
8,2010,54.23876024
9,2010,3246.365812
10,2010,3843.4238950000004
11,2010,67.26231209
12,2010,791.1145134
13,2010,633.6277018999999
14,2010,58.00554462
15,2010,652.3074976
16,2010,248.3139169
17,2010,3451.9022219999997
18,2010,149.71976750000002
19,2010,15.0
20,2010,94.19770696
21,2010,60.65349201
22,2010,306.5268427
23,2010,445.76072310000006
24,2010,465.67404000000005
25,2010,748.3226089999999
26,2010,236.9744713
27,2010,20.27447781
28,2010,7.90940238
30,2010,16.82139011
31,2010,18.17108644
32,2010,3681.426135
29,2010,116.03922460000001
33,2010,6.4365166
34,2010,7.65331926
35,2010,456.4062317
36,2010,118.38841640000001
37,2010,343.24719239999996
38,2010,22.33183442
48,2010,6.69876027
39,2010,33.78812427
40,2010,505.5389081
41,2010,552.6003007
46,2010,12.89902835
42,2010,905.3148175000001
43,2010,555.2659669
44,2010,707.4949201000001
45,2010,1238.410969
49,2010,5465.086052000001
50,2010,59.84327482
51,2010,291.9911514
52,2010,140.1778308
53,2010,122.1383946
54,2010,46.07898009
55,2010,146.1006011
56,2010,680.4943597
57,2010,5.74167964
58,2010,671.3716873
59,2010,8.41369793
61,2010,108.1926426
62,2010,2990.412639
63,2010,3651.8490060000004
64,2010,159.87577109999998
65,2010,13.2833014
66,2010,64.20004026
67,2010,3598.2982920000004
68,2010,39.8753492
69,2010,1621.205318
70,2010,197.513701
71,2010,68.65265464
72,2010,2.5971111000000002
73,2010,4.70151059
74,2010,135.5978862
75,2010,9.95345094
76,2010,
77,2010,653.761609
78,2010,3003.527697
79,2010,15.82486231
80,2010,37.74177117
81,2010,127.1867995
82,2010,200.3189401
83,2010,2933.400094
84,2010,1316.98035
85,2010,2520.742869
86,2010,132.3107766
87,2010,3355.070098
88,2010,241.8386953
89,2010,233.45774
90,2010,16.32270669
91,2010,131.4131294
140,2010,848.4361654999999
92,2010,983.1405978
93,2010,30.04684327
94,2010,15.36749733
95,2010,438.7428921
96,2010,254.9553139
97,2010,83.00086917
98,2010,9.48724976
99,2010,332.69296610000004
100,2010,574.2377845
101,2010,6905.530344
173,2010,202.0099712
102,2010,9.58503812
103,2010,15.42124932
104,2010,204.2446495
105,2010,231.37008659999998
106,2010,14.74603617
107,2010,1111.115639
108,2010,433.1318518
109,2010,22.668541100000002
110,2010,187.22084080000002
111,2010,
112,2010,333.8228409
141,2010,87.19891761
113,2010,5569.664754
114,2010,66.16924739999999
115,2010,388.4850538
116,2010,56.15651369
117,2010,15.30809273
118,2010,2.08765066
119,2010,210.94576659999998
120,2010,488.63786730000004
121,2010,9.8985135
122,2010,4431.118412
123,2010,2728.495433
124,2010,
125,2010,9.30410717
126,2010,23.78939026
127,2010,2302.086465
128,2010,6788.388756
129,2010,460.2108719
130,2010,8.37996789
131,2010,657.0083516
132,2010,462.91904189999997
133,2010,35.35712942
134,2010,59.29724131
135,2010,145.1914845
136,2010,27.3305837
137,2010,666.0193831
138,2010,1612.751273
139,2010,1153.0759890000002
142,2010,334.31746119999997
143,2010,326.0920296
144,2010,27.79632932
145,2010,404.9887833
146,2010,281.482474
147,2010,240.4478875
148,2010,178.8139595
149,2010,3120.0243
150,2010,34.44734077
151,2010,427.22197710000006
152,2010,32.46603794
153,2010,337.8304584
154,2010,338.54272180000004
155,2010,4.81695556
156,2010,629.0965942
157,2010,930.2932263
158,2010,1586.851233
159,2010,99.56021589
160,2010,
161,2010,286.10006469999996
163,2010,2099.095912
164,2010,31.30579168
165,2010,25.01653433
166,2010,235.3541923
167,2010,129.30581329999998
168,2010,3820.1167939999996
169,2010,4610.77461
170,2010,44.42910481
171,2010,13.08033555
187,2010,20.80846017
172,2010,134.4334055
174,2010,31.74442236
175,2010,17.96115138
177,2010,140.0159492
178,2010,515.6432446
179,2010,129.1450428
180,2010,509.96374349999996
181,2010,62.99335327
182,2010,567.4513122000001
183,2010,10.15830802
184,2010,132.7123382
185,2010,1078.239253
186,2010,2938.424005
188,2010,4436.607049
189,2010,669.4095328
190,2010,39.13216983
191,2010,142.5648294
192,2010,231.51860219999998
193,2010,31.35985546
194,2010,15.26963994
195,2010,43.93203745
196,2010,
