Year,Value
1995,
1995,
1995,
1995,13.94059069
1995,46.77145965
1995,
1995,897.1815411
1995,13.51683268
1995,
1995,233.09344130000002
1995,367.6643573
1995,7.96878387
1995,
1995,1029.3726570000001
1995,2112.0676829999998
1995,4.33324416
1995,334.5557486
1995,335.5907578
1995,23.83025448
1995,305.84702519999996
1995,49.16810633
1995,1640.654463
1995,74.08390866
1995,8.107515600000001
1995,
1995,12.86860207
1995,25.64398708
1995,30.02612169
1995,65.34420764
1995,135.90029840000003
1995,
1995,375.088602
1995,60.51647544
1995,4.15324741
1995,3.00991129
1995,3.21471026
1995,5.86006897
1995,1297.156262
1995,50.73669527
1995,
1995,4.86327739
1995,4.14184241
1995,
1995,127.4065827
1995,10.67774257
1995,
1995,
1995,109.25482179999999
1995,13.50516984
1995,0.19
1995,14.48727395
1995,244.429539
1995,168.2605271
1995,8.55749206
1995,279.5663642
1995,100.9153422
1995,253.14185469999998
1995,340.3137803999999
1995,
1995,2333.210858
1995,19.2017383
1995,130.5928708
1995,22.64116566
1995,
1995,40.36019064
1995,17.41366325
1995,40.7102172
1995,12.44983469
1995,4.04002279
1995,
1995,148.75321719999997
1995,1.59852238
1995,
1995,
1995,62.53174925
1995,1441.006101
1995,2183.1638420000004
1995,
1995,
1995,51.61388476
1995,6.18358208
1995,1.51330026
1995,2543.513593
1995,11.46418065
1995,
1995,553.6710118999999
1995,
1995,82.93148834
1995,
1995,
1995,19.31567792
1995,
1995,5.53496405
1995,6.31330681
1995,32.89314239
1995,9.24136247
1995,
1995,20.36235054
1995,
1995,271.3843117
1995,1867.005052
1995,4.09773063
1995,7.07495167
1995,30.49997812
1995,
1995,897.4363738
1995,
1995,886.6636550000001
1995,1017.512492
1995,50.81029056
1995,2378.709944
1995,
1995,78.96340943
1995,30.85875588
1995,6.51912364
1995,66.8857474
1995,
1995,170.0322492
1995,
1995,
1995,515.0484395
1995,12.86229905
1995,9.10709003
1995,76.37946403
1995,102.2277991
1995,17.0539293
1995,
1995,92.80243293
1995,
1995,73.91639801
1995,2602.905554
1995,
1995,117.47014170000001
1995,3.6105769
1995,2.6372706000000004
1995,74.69914675
1995,58.75640886
1995,7.53242489
1995,399.2357532
1995,309.47503589999997
1995,
1995,17.37150714
1995,70.32803721
1995,
1995,74.20426593
1995,180.0335134
1995,19.32057103
1995,2576.3852739999998
1995,15.42577971
1995,98.51512053
1995,
1995,15.42954315
1995,4.88472919
1995,0.49
1995,93.71092377
1995,431.231446
1995,1.59726662
1995,1603.2093730000001
1995,
1995,
1995,917.4274280999999
1995,
1995,37.20088414
1995,2.81026806
1995,9.30922799
1995,345.0651396
1995,
1995,
1995,
1995,2506.679137
1995,186.89627240000002
1995,3.87462001
1995,527.413933
1995,154.95385380000002
1995,30.99662551
1995,40.25249279
1995,54.851164000000004
1995,14.59464811
1995,
1995,145.0179292
1995,547.1565505
1995,
1995,376.63320580000004
1995,
1995,39.91796451
1995,83.48835391
1995,3.77488908
1995,
1995,
1995,171.7819023
1995,116.09473030000001
1995,
1995,93.20338315
1995,
1995,39.65397118
1995,1830.5865609999998
1995,21.62219232
1995,118.72620970000001
1995,7.46119076
1995,55.08246243
1995,
1995,
1995,300.4457823999999
1995,3.01513619
1995,367.6878915
1995,196.02854419999997
1995,609.9974503
1995,43.91018373
1995,2.007823
1995,
1995,107.40744099999999
1995,
1995,814.1213525000001
1995,11.46072596
1995,2.07942249
1995,42.58001262
1995,
1995,49.93276657
1995,1983.369454
1995,2287.440129
1995,20.51337292
1995,
1995,1.26796789
1995,2.69100329
1995,46.76155844
1995,31.29192123
1995,5.98969424
1995,
1995,56.40098922
1995,
1995,94.26218324
1995,64.10270161
1995,67.14680445
1995,26.02883207
1995,
1995,64.34333532
1995,4.47225376
1995,30.0241936
1995,582.7494561000001
1995,1142.3610449999999
1995,1683.124404
1995,410.2539456
1995,
1995,15.78740212
1995,
1995,31.70008714
1995,61.227960700000004
1995,
1995,
1995,
1995,4.9253403
1995,
1995,
1995,
1995,12.42190055
1995,
1995,13.23782123
1995,28.05200411
1995,
1995,
1995,
1995,
1995,
1995,
1995,
1996,
1996,
1996,
1996,17.0620735
1996,47.96005336
1996,
1996,982.7948194
1996,8.72415485
1996,
1996,227.11142650000002
1996,357.2125912
1996,8.16128227
1996,
1996,1148.635677
1996,2051.069613
1996,6.01612378
1996,352.86859960000004
1996,336.203756
1996,24.39962057
1996,317.76328739999997
1996,66.47887357
1996,1679.471125
1996,58.00964656
1996,8.23899699
1996,
1996,19.20414021
1996,28.84157059
1996,41.48321637
1996,65.59540474
1996,141.8709084
1996,
1996,519.2387899
1996,38.45053184
1996,4.55124611
1996,2.86477668
1996,7.42815436
1996,5.96980053
1996,1294.366554
1996,47.29737814
1996,
1996,3.48334612
1996,4.54608235
1996,
1996,141.73859819999998
1996,12.31596274
1996,
1996,
1996,149.0662886
1996,12.33688076
1996,0.14
1996,15.52463203
1996,223.392995
1996,168.67141840000002
1996,10.57728913
1996,323.2831559
1996,108.00967040000002
1996,257.417146
1996,365.6984273
1996,
1996,2372.0691239999996
1996,17.87635922
1996,140.080376
1996,26.09656002
1996,
1996,47.39264896
1996,18.95690411
1996,55.34064889
1996,13.89224486
1996,2.89209079
1996,
1996,193.8250081
1996,1.61060018
1996,
1996,
1996,71.73987971
1996,1440.577151
1996,2177.6020129999997
1996,
1996,
1996,60.491572600000005
1996,5.59041606
1996,5.36372898
1996,2541.816627
1996,11.69009926
1996,
1996,589.1470739
1996,
1996,88.26573282
1996,
1996,
1996,18.97053327
1996,
1996,5.23917087
1996,6.14899416
1996,36.15688265
1996,9.08738335
1996,
1996,17.59481888
1996,
1996,257.310518
1996,1900.5723260000002
1996,4.07533927
1996,8.17022239
1996,40.82255483
1996,0.03
1996,950.1843172
1996,
1996,980.8379002
1996,1153.6719779999999
1996,73.87379989
1996,2140.166741
1996,
1996,78.95922043
1996,36.93732256
1996,7.10565859
1996,76.10130045
1996,
1996,205.9242624
1996,
1996,
1996,533.253488
1996,12.30357627
1996,10.19851074
1996,81.24573645
1996,122.80747109999999
1996,16.86472634
1996,
1996,91.52578312
1996,
1996,91.97301199
1996,2608.0454219999997
1996,
1996,118.61347959999999
1996,5.50189669
1996,2.86171921
1996,84.19392784
1996,63.89788094
1996,8.54257716
1996,437.03739840000003
1996,352.9541811
1996,
1996,11.3838498
1996,73.22334859
1996,
1996,75.77692755
1996,165.10244169999999
1996,26.37949171
1996,2478.922658
1996,17.55748097
1996,72.1122169
1996,
1996,16.42960049
1996,5.1317259
1996,0.4
1996,97.58135588
1996,389.9911793
1996,1.67235288
1996,1462.944309
1996,
1996,
1996,979.927267
1996,
1996,34.53633388
1996,2.54166605
1996,10.63464652
1996,462.2265546
1996,
1996,
1996,
1996,2573.073006
1996,199.37162680000003
1996,4.07465808
1996,616.0280321
1996,157.9592037
1996,33.42173076
1996,50.57363934
1996,56.78147288
1996,16.97642343
1996,
1996,176.47804230000003
1996,612.6912193
1996,
1996,428.8759178
1996,
1996,38.74886835
1996,104.7314571
1996,4.43135155
1996,
1996,
1996,177.924184
1996,134.5581254
1996,
1996,98.03689684
1996,
1996,51.61768683
1996,2007.1977140000001
1996,19.37667023
1996,135.6153519
1996,8.75025119
1996,91.01452576
1996,
1996,
1996,311.4779028
1996,3.17987434
1996,375.17987989999995
1996,224.74424199999999
1996,618.4661056
1996,42.95620461
1996,2.19197256
1996,
1996,97.42166554
1996,
1996,851.4576443
1996,12.12612982
1996,2.76897773
1996,61.25277872
1996,
1996,49.78117669
1996,2229.0354620000003
1996,2324.082571
1996,21.13241267
1996,
1996,2.30983103
1996,2.86141118
1996,54.71482033
1996,23.60343593
1996,5.94910657
1996,
1996,63.83993448
1996,
1996,90.09833557
1996,65.26624517
1996,80.69988323
1996,12.60969629
1996,
1996,152.0510947
1996,4.64992748
1996,34.25791041
1996,579.5342099999999
1996,1190.348424
1996,1753.8401
1996,361.6943197
1996,
1996,21.79116215
1996,
1996,26.62308771
1996,45.01083023
1996,
1996,
1996,
1996,5.35786243
1996,
1996,
1996,
1996,10.96688242
1996,
1996,13.04177451
1996,29.34739993
1996,
1996,
1996,
1996,
1996,
1996,
1996,
1997,
1997,
1997,
1997,14.16477075
1997,49.73839952
1997,
1997,966.4849604
1997,10.5273051
1997,
1997,245.81424429999998
1997,373.3732748
1997,7.35738501
1997,
1997,1178.039092
1997,1929.511347
1997,6.15091878
1997,396.21196299999997
1997,353.38759980000003
1997,20.42111841
1997,322.0427856
1997,74.97990349
1997,1436.128398
1997,63.70754372
1997,6.87307444
1997,
1997,24.42484422
1997,29.64958873
1997,39.52206818
1997,77.70974771
1997,152.67534980000002
1997,
1997,514.4783355000001
1997,45.765673799999995
1997,4.47943313
1997,2.40966371
1997,5.56721914
1997,6.10376025
1997,1313.381693
1997,44.54623138
1997,
1997,4.05406275
1997,4.04403572
1997,
1997,155.7578568
1997,13.70728648
1997,
1997,
1997,175.393926
1997,10.54043721
1997,0.27
1997,13.99046085
1997,171.0072864
1997,163.15557019999997
1997,10.96239625
1997,254.9414654
1997,114.31537560000001
1997,252.38140389999998
1997,333.5317016
1997,
1997,2162.725329
1997,20.91595166
1997,151.6068761
1997,34.95515801
1997,
1997,47.10619537
1997,22.65953154
1997,59.88933574
1997,21.0760073
1997,3.83865663
1997,
1997,198.59674730000003
1997,1.7996140999999999
1997,
1997,
1997,76.34460954
1997,1331.102327
1997,1939.578735
1997,
1997,
1997,46.82914415
1997,5.29033421
1997,10.63093911
1997,2176.8376829999997
1997,11.19145481
1997,
1997,562.2020989
1997,
1997,95.30512302
1997,
1997,
1997,23.6902775
1997,
1997,5.33528457
1997,5.36939882
1997,40.89847772
1997,9.68099209
1997,
1997,19.17646116
1997,
1997,251.02070419999998
1997,2249.871384
1997,4.61096966
1997,7.12121391
1997,53.35313887
1997,0.04
1997,1050.733217
1997,
1997,1000.626074
1997,1136.681352
1997,99.9243686
1997,1918.577145
1997,
1997,85.05463816
1997,42.98166464
1997,7.24783938
1997,77.93363294
1997,
1997,201.5936485
1997,
1997,
1997,534.1698027
1997,10.69510573
1997,12.72737791
1997,89.27390861
1997,151.68097959999997
1997,14.37122593
1997,
1997,90.32426536
1997,
1997,117.8955024
1997,2285.02095
1997,
1997,107.0674479
1997,5.24811379
1997,4.13056708
1997,72.93796378
1997,69.54345776
1997,6.58518744
1997,441.882287
1997,352.0169724
1997,
1997,11.71396872
1997,68.85560931
1997,
1997,99.88697064
1997,139.5473014
1997,27.44887433
1997,2348.546046
1997,15.42317291
1997,72.03209298
1997,
1997,13.80060447
1997,6.67850428
1997,0.28
1997,102.1855183
1997,354.1926213
1997,2.22962961
1997,1334.992113
1997,
1997,
1997,1002.66837
1997,
1997,23.44865177
1997,2.96497652
1997,12.53762189
1997,407.49857180000004
1997,
1997,
1997,
1997,2453.14198
1997,192.0388582
1997,3.67884395
1997,606.9970202000001
1997,176.3759549
1997,27.15980649
1997,48.25130265
1997,54.25343626
1997,17.7143462
1997,
1997,165.54037749999998
1997,585.7773890999999
1997,
1997,467.33061739999994
1997,
1997,52.58117265
1997,137.3976759
1997,5.38807199
1997,
1997,
1997,183.92280590000001
1997,120.4888392
1997,
1997,105.9876869
1997,
1997,56.42210043
1997,1850.2300089999999
1997,19.2896553
1997,151.83509909999998
1997,7.5613982
1997,103.48594150000001
1997,
1997,
1997,372.326822
1997,3.30137126
1997,366.9065615
1997,210.68894930000002
1997,598.245748
1997,45.95967609
1997,2.61450737
1997,
1997,111.16131370000001
1997,
1997,768.8593467999999
1997,12.3347859
1997,3.09173441
1997,69.11406651
1997,
1997,47.95046176
1997,1971.455075
1997,2033.8132890000002
1997,20.94113061
1997,
1997,2.48281699
1997,3.86061295
1997,53.38915694
1997,38.52041305
1997,5.245954599999999
1997,
1997,66.77756647
1997,
1997,86.64868359
1997,61.12469002
1997,93.00962453
1997,21.51263867
1997,
1997,116.53951799999999
1997,4.99637613
1997,34.05254112
1997,588.178377
1997,1236.954931
1997,1811.2284379999999
1997,258.4166088
1997,
1997,20.55628017
1997,
1997,35.81556034
1997,51.83227723
1997,
1997,
1997,
1997,5.6593029
1997,
1997,
1997,
1997,9.43751868
1997,
1997,16.83173958
1997,30.08015822
1997,
1997,
1997,
1997,
1997,
1997,
1997,
1998,
1998,
1998,
1998,18.62584824
1998,48.67054687
1998,
1998,1338.295221
1998,6.64874402
1998,
1998,263.58748560000004
1998,382.56918060000004
1998,10.01079129
1998,
1998,1053.2277800000002
1998,2018.319654
1998,5.03924493
1998,457.7226063
1998,329.8717355
1998,21.20627398
1998,346.6776715
1998,68.77066395
1998,1477.858625
1998,62.27511763
1998,7.73777986
1998,
1998,25.02617128
1998,33.28665548
1998,40.71955944
1998,71.28794723
1998,143.057917
1998,
1998,482.1617045
1998,57.82283902
1998,4.97620851
1998,2.3334837000000004
1998,3.28937185
1998,5.14902175
1998,1304.444253
1998,47.50117493
1998,
1998,3.3957187000000006
1998,3.76510724
1998,
1998,162.6656862
1998,14.79219182
1998,
1998,
1998,171.618899
1998,8.81761275
1998,0.23
1998,14.03665211
1998,160.70659819999997
1998,179.47507119999997
1998,10.82359974
1998,323.9468664
1998,120.9911668
1998,320.0884587
1998,360.03547260000005
1998,
1998,2192.235623
1998,26.04898948
1998,152.5261753
1998,44.06179636
1998,
1998,32.49671863
1998,26.28456764
1998,71.63888016
1998,23.21129466
1998,4.02614138
1998,
1998,192.4988286
1998,1.98730745
1998,
1998,
1998,53.94872688
1998,1341.2061800000001
1998,1973.64361
1998,
1998,
1998,53.99114804
1998,6.97542318
1998,8.88309947
1998,2183.9275199999997
1998,11.85223084
1998,
1998,549.0051036
1998,
1998,106.11387920000001
1998,
1998,
1998,35.43587338
1998,
1998,4.19575667
1998,3.81764605
1998,39.36491337
1998,9.15162779
1998,
1998,25.80973382
1998,
1998,250.64015980000002
1998,2251.637271
1998,4.71078943
1998,3.25766101
1998,65.07541812
1998,0.3
1998,1089.938778
1998,
1998,917.1820152999999
1998,1162.7577720000002
1998,102.5687666
1998,1785.6544199999998
1998,
1998,89.57704862
1998,44.84978575
1998,9.46781907
1998,55.06350275
1998,
1998,153.3991797
1998,
1998,
1998,515.2164806
1998,11.99875413
1998,6.95711936
1998,104.08608199999999
1998,149.20139419999998
1998,14.10507623
1998,2.03001806
1998,111.3034558
1998,
1998,146.36688930000003
1998,2387.171385
1998,
1998,119.80026740000001
1998,4.98065046
1998,3.10297534
1998,56.79719224
1998,72.12592795
1998,5.85245681
1998,466.1827556
1998,328.39014460000004
1998,
1998,14.19869119
1998,69.44801484
1998,
1998,108.4063585
1998,132.1181347
1998,17.39688222
1998,2327.984122
1998,15.09343587
1998,73.68817348
1998,
1998,16.10008544
1998,7.42195074
1998,0.2
1998,93.38433773
1998,299.860833
1998,2.37762175
1998,1325.9990970000001
1998,
1998,
1998,865.9116303999999
1998,
1998,26.15936746
1998,3.29037605
1998,15.90169344
1998,316.2391479
1998,
1998,
1998,
1998,2593.1206
1998,185.5623707
1998,3.12340038
1998,493.84515710000005
1998,181.7621645
1998,23.34588091
1998,49.68473131
1998,57.04028653
1998,13.39195848
1998,
1998,174.4022553
1998,626.4036924
1998,
1998,424.27644100000003
1998,
1998,52.86432279
1998,79.01816852
1998,7.28630357
1998,
1998,
1998,193.89822900000001
1998,132.6452619
1998,
1998,99.53424836
1998,
1998,54.14429419
1998,1941.244875
1998,14.72322593
1998,147.301495
1998,8.06337422
1998,82.22490917
1998,
1998,
1998,348.00315710000007
1998,2.11283101
1998,379.1082745
1998,215.0037505
1998,646.9996838
1998,39.90736477
1998,3.42458112
1998,
1998,104.2388104
1998,
1998,799.3380815
1998,15.79579721
1998,3.22299532
1998,94.94524716
1998,
1998,44.13809345
1998,2003.7419719999998
1998,2104.560598
1998,21.69606751
1998,
1998,2.49941534
1998,4.06253464
1998,37.14918122
1998,24.70925903
1998,6.00659037
1998,
1998,62.51534514
1998,
1998,68.52874022
1998,63.95520592
1998,111.4168709
1998,22.79813341
1998,
1998,119.79976780000001
1998,4.26097307
1998,29.73822432
1998,564.7569798999999
1998,1331.428825
1998,1843.058284
1998,288.0808698
1998,
1998,18.23412762
1998,
1998,44.78802042
1998,57.11821019
1998,
1998,
1998,
1998,6.11679125
1998,
1998,
1998,
1998,10.12901083
1998,
1998,13.57040056
1998,29.43777179
1998,
1998,
1998,
1998,
1998,
1998,
1998,
1999,
1999,
1999,
1999,28.13970639
1999,45.54382499
1999,
1999,942.4215625
1999,6.54825377
1999,
1999,277.83261319999997
1999,399.60560499999997
1999,9.62805519
1999,
1999,1193.335611
1999,2049.536567
1999,5.61560878
1999,496.61553110000006
1999,343.41726760000006
1999,22.34238069
1999,372.1978558
1999,56.63369867
1999,1499.690683
1999,60.99767253
1999,8.29665136
1999,
1999,38.18615295
1999,36.67865404
1999,61.84796094
1999,75.4790169
1999,103.4020004
1999,
1999,458.1237948
1999,63.89218565
1999,5.46886125
1999,2.0773543
1999,3.23052842
1999,5.45272824
1999,1354.9606119999999
1999,45.981374100000004
1999,
1999,3.89734611
1999,3.84266446
1999,
1999,157.6315956
1999,15.78363019
1999,
1999,
1999,157.20228899999998
1999,7.98084558
1999,0.6592288000000001
1999,13.50817818
1999,144.12971130000003
1999,194.6289725
1999,9.90167667
1999,324.88719669999995
1999,139.15781830000003
1999,333.2511045
1999,347.2969186
1999,
1999,2457.316591
1999,33.19013922
1999,158.7233563
1999,50.74186746
1999,
1999,25.56652923
1999,29.37529034
1999,72.91375724
1999,18.21998279
1999,3.88547138
1999,
1999,196.4416927
1999,2.10124037
1999,
1999,
1999,60.33637981
1999,1329.255758
1999,1947.876436
1999,
1999,
1999,41.15175263
1999,6.89239095
1999,6.64642744
1999,2147.267842
1999,10.29434537
1999,
1999,594.8875559999999
1999,
1999,138.85782859999998
1999,
1999,
1999,39.03830616
1999,
1999,4.35105746
1999,2.69059157
1999,33.93519671
1999,8.16571286
1999,
1999,25.85401808
1999,
1999,249.8078313
1999,2674.539584
1999,5.09770195
1999,5.24710267
1999,75.34873398
1999,0.48
1999,1172.675319
1999,
1999,873.3465115
1999,1162.6040369999998
1999,81.28187127
1999,2102.1684920000002
1999,
1999,85.60559648
1999,25.68383248
1999,7.07943474
1999,72.22923224
1999,
1999,211.9732836
1999,
1999,
1999,472.93405099999995
1999,7.40527561
1999,3.21110768
1999,114.51839109999999
1999,142.5165155
1999,13.42146405
1999,2.48619623
1999,108.08760579999999
1999,
1999,144.64275580000003
1999,2574.7445350000003
1999,
1999,98.09099444
1999,4.88437462
1999,3.69872411
1999,62.92302586
1999,81.92576902
1999,4.87411394
1999,458.8219534
1999,319.9235145
1999,
1999,18.70303947
1999,68.21193826
1999,
1999,132.3410519
1999,145.599226
1999,8.16012425
1999,2456.371134
1999,14.74428164
1999,71.64239985
1999,
1999,16.05305569
1999,9.12097472
1999,0.27
1999,93.4862661
1999,301.8470916
1999,2.10173767
1999,1320.1326470000001
1999,
1999,
1999,893.6938103
1999,
1999,23.66116273
1999,3.08094581
1999,4.69766473
1999,379.3610314
1999,
1999,
1999,
1999,2745.125977
1999,198.6718436
1999,2.96883224
1999,505.19177790000003
1999,179.50510390000002
1999,22.10713233
1999,48.60363103
1999,55.66268159
1999,15.66634674
1999,
1999,178.8484228
1999,666.3786381
1999,
1999,424.4295097
1999,
1999,53.88967865
1999,47.69007248
1999,5.05454535
1999,
1999,
1999,203.59417
1999,137.69868369999998
1999,
1999,106.43813370000001
1999,
1999,62.82643541
1999,2057.919715
1999,20.47246441
1999,230.46551980000004
1999,8.96292746
1999,89.85631072
1999,
1999,
1999,355.9927275
1999,3.0535106
1999,331.7601412
1999,195.7094842
1999,663.5946372000001
1999,42.98942087
1999,3.34163662
1999,
1999,107.52405719999999
1999,
1999,815.472304
1999,14.45388887
1999,2.39644639
1999,77.47575117
1999,
1999,44.34494916
1999,2053.305977
1999,2105.323261
1999,22.54335177
1999,
1999,1.85269545
1999,3.8329873
1999,37.70558429
1999,22.22408445
1999,5.00622835
1999,
1999,75.2081817
1999,
1999,100.0107387
1999,66.23708964
1999,113.7351986
1999,20.68114646
1999,
1999,135.5887286
1999,4.90468307
1999,18.82180679
1999,558.8921616
1999,1422.588336
1999,1916.391915
1999,460.8099385
1999,
1999,19.57472723
1999,
1999,39.03848476
1999,85.77576409999999
1999,
1999,
1999,
1999,6.32316244
1999,
1999,
1999,
1999,10.84934234
1999,
1999,9.018808
1999,17.63531414
1999,
1999,
1999,
1999,
1999,
1999,
1999,
2000,
2000,
2000,
2000,27.16051203
2000,45.911114500000004
2000,
2000,862.3916116
2000,12.51447308
2000,
2000,281.3929619
2000,381.8773152
2000,7.06890421
2000,
2000,1144.7528439999999
2000,1823.8387579999999
2000,5.63556889
2000,522.6758855
2000,335.4842867
2000,24.21962971
2000,395.5538277
2000,47.92029244
2000,1375.774521
2000,69.44853939
2000,6.94049286
2000,
2000,40.93456604
2000,36.90724912
2000,60.88767251
2000,94.37971997
2000,106.7536815
2000,
2000,476.84498229999997
2000,59.52535931
2000,4.31995506
2000,2.01390968
2000,3.80777278
2000,5.5246363
2000,1469.882028
2000,42.02368375
2000,
2000,4.13021606
2000,4.49340228
2000,
2000,168.5876461
2000,16.61727941
2000,
2000,
2000,130.4813615
2000,5.46586374
2000,0.54345903
2000,12.51413648
2000,157.9759119
2000,204.0027101
2000,8.34838753
2000,324.78091839999996
2000,151.0828396
2000,309.8909629
2000,326.4299527
2000,
2000,2187.759216
2000,29.63939804
2000,159.4774244
2000,60.35988891
2000,
2000,16.74144099
2000,31.813489299999997
2000,79.82755094
2000,21.4967933
2000,4.328460400000001
2000,
2000,169.4265948
2000,2.84813615
2000,
2000,
2000,67.11584736
2000,1210.4826380000002
2000,1748.6096129999999
2000,
2000,
2000,42.96361056
2000,6.34408962
2000,7.60714191
2000,1897.7465309999998
2000,6.00088862
2000,
2000,550.4284098999999
2000,
2000,176.57183590000002
2000,
2000,
2000,37.67355047
2000,
2000,3.93401614
2000,1.73910841
2000,44.74515633
2000,7.11900681
2000,
2000,41.53028009
2000,
2000,230.6185176
2000,2472.918087
2000,5.08230115
2000,5.47015315
2000,96.18621655
2000,0.39
2000,1172.124431
2000,
2000,932.2330036000001
2000,1126.7543130000001
2000,99.71640305
2000,2290.3860050000003
2000,
2000,81.2452912
2000,25.91916865
2000,8.80818417
2000,60.9313246
2000,
2000,
2000,
2000,
2000,370.4013255
2000,5.72630892
2000,3.79576682
2000,106.9139294
2000,148.3832111
2000,13.64189099
2000,2.63408248
2000,123.8234644
2000,
2000,147.9497071
2000,2955.015079
2000,
2000,90.12107078
2000,6.23316254
2000,4.31429361
2000,73.44648772
2000,94.83867059
2000,4.86616855
2000,465.7837864
2000,409.5671877
2000,
2000,16.13067853
2000,75.46162965
2000,
2000,152.65246090000002
2000,159.96948730000003
2000,11.43160454
2000,2120.7159079999997
2000,17.72348654
2000,80.66829778
2000,
2000,15.81122907
2000,10.21112242
2000,0.45
2000,86.87731433
2000,271.3784965
2000,2.4746982999999996
2000,1214.056076
2000,
2000,
2000,820.2913392
2000,
2000,29.01567893
2000,2.3224676
2000,5.72473199
2000,313.2335117
2000,
2000,
2000,
2000,2603.035363
2000,215.51242819999996
2000,3.16096413
2000,531.6607553
2000,207.7381005
2000,21.18566994
2000,49.55174977
2000,56.82417976
2000,16.00153621
2000,
2000,173.1049966
2000,704.0198522999999
2000,
2000,473.2498806
2000,
2000,58.63183117
2000,57.45885249
2000,3.5416133000000003
2000,
2000,
2000,234.2793719
2000,142.9047629
2000,
2000,112.65828300000001
2000,
2000,60.61066827
2000,1855.142937
2000,19.65152003
2000,286.89718880000004
2000,7.85098909
2000,42.00202499
2000,
2000,
2000,311.38368260000004
2000,3.1758822999999996
2000,297.7708683
2000,185.687227
2000,614.3349642999999
2000,45.76841336
2000,3.03587225
2000,
2000,101.7264402
2000,
2000,744.8085202000001
2000,15.77176928
2000,3.32121574
2000,73.99003122
2000,
2000,42.3947245
2000,1935.180766
2000,1950.616538
2000,23.95333577
2000,
2000,1.31954275
2000,4.38215131
2000,37.04532973
2000,23.89261874
2000,4.0760665000000005
2000,
2000,64.50970769
2000,
2000,105.4684626
2000,67.23838171
2000,128.68841640000002
2000,35.86475902
2000,
2000,231.4395569
2000,4.19208651
2000,18.5137196
2000,576.7488035
2000,1392.935201
2000,2031.765381
2000,422.05441119999995
2000,
2000,13.97249003
2000,
2000,40.22642925
2000,113.56256609999998
2000,
2000,
2000,
2000,6.46622166
2000,
2000,
2000,
2000,13.60351098
2000,
2000,9.226036599999999
2000,31.48725574
2000,
2000,
2000,
2000,
2000,
2000,
2000,
2001,
2001,
2001,
2001,30.50961872
2001,52.50942325
2001,
2001,889.5899109
2001,18.32050967
2001,
2001,265.6781078
2001,367.2714099
2001,10.99669245
2001,
2001,1081.6690230000002
2001,1815.096639
2001,5.89876965
2001,523.8570467000001
2001,353.85720289999995
2001,27.12701507
2001,428.99623399999996
2001,58.50376474
2001,1413.946374
2001,87.98538101
2001,8.58306992
2001,
2001,39.290585
2001,35.96067065
2001,67.07272338
2001,126.2567332
2001,96.30129687
2001,
2001,431.5820682
2001,75.45206292
2001,4.10541823
2001,2.30144859
2001,5.26635134
2001,6.78171512
2001,1503.86074
2001,48.16935728
2001,
2001,3.81834228
2001,4.80916479
2001,
2001,159.30040209999999
2001,16.80674612
2001,
2001,
2001,125.2198555
2001,4.17148035
2001,0.31
2001,11.56316868
2001,229.5363929
2001,220.11509480000004
2001,5.97942732
2001,312.8649979
2001,160.862651
2001,328.8113964
2001,362.9827796
2001,
2001,2294.812253
2001,26.87293942
2001,159.9941122
2001,54.09615092
2001,
2001,26.98516489
2001,30.6662608
2001,82.28256426
2001,38.6155637
2001,4.82887192
2001,
2001,174.29276230000002
2001,3.22993665
2001,
2001,
2001,53.55355319
2001,1283.814909
2001,1773.692979
2001,
2001,
2001,44.81891314
2001,6.80644175
2001,9.53887342
2001,1903.195436
2001,8.64620641
2001,
2001,640.0400367999999
2001,
2001,230.89895499999997
2001,
2001,
2001,38.80729007
2001,
2001,4.30716184
2001,1.49115165
2001,43.42738979
2001,5.87583233
2001,
2001,43.60177438
2001,
2001,258.4808583
2001,2176.259761
2001,4.99358646
2001,7.15376637
2001,128.2421054
2001,0.43
2001,1386.672675
2001,
2001,949.83153
2001,1202.244154
2001,77.35312872
2001,2076.129616
2001,
2001,87.49050371
2001,29.23114925
2001,8.36946755
2001,62.64809759
2001,
2001,295.930171
2001,
2001,
2001,509.64334389999993
2001,6.02842394
2001,3.61211149
2001,110.2140722
2001,161.5986688
2001,15.52824888
2001,2.85916762
2001,143.26839760000001
2001,
2001,159.6386407
2001,2854.167202
2001,
2001,85.24349916
2001,7.58348185
2001,3.29785584
2001,84.30116837
2001,88.51105405
2001,7.44688566
2001,468.0742813999999
2001,354.544628
2001,
2001,11.71961884
2001,75.2503167
2001,
2001,167.0912415
2001,179.10901189999998
2001,13.08196155
2001,2170.479974
2001,19.9175002
2001,109.55477479999999
2001,
2001,18.49063533
2001,8.64986923
2001,0.31
2001,63.65096619
2001,252.27350750000002
2001,3.55393652
2001,1301.48448
2001,
2001,
2001,803.5894741000001
2001,
2001,29.47815717
2001,2.993863
2001,5.70092598
2001,1441.397585
2001,
2001,
2001,
2001,2785.236665
2001,215.5585108
2001,2.66868932
2001,535.563344
2001,203.0116493
2001,20.87422812
2001,37.28952481
2001,55.75879556
2001,12.79107991
2001,
2001,209.7119241
2001,715.8537898
2001,
2001,554.3689360000001
2001,
2001,64.21854648
2001,69.82822769
2001,4.2246296999999995
2001,
2001,
2001,222.88055269999998
2001,150.83446819999998
2001,
2001,117.50385590000002
2001,
2001,58.28576571
2001,1874.619598
2001,19.09655648
2001,288.1663327
2001,8.40541797
2001,78.78807453
2001,
2001,
2001,308.6843374
2001,3.99473143
2001,272.563439
2001,192.85414540000002
2001,646.303848
2001,58.72476572
2001,1.72263628
2001,
2001,90.48802947
2001,
2001,770.8664633999999
2001,14.34706248
2001,3.71702989
2001,62.59149302
2001,
2001,36.55738802
2001,1837.134334
2001,2110.1010079999996
2001,25.52427313
2001,
2001,1.64696084
2001,4.77269898
2001,33.80109831
2001,25.50068854
2001,3.33228247
2001,
2001,72.58090781
2001,
2001,133.3622003
2001,65.50305826
2001,105.06918470000001
2001,42.92528663
2001,
2001,245.1993099
2001,4.64300201
2001,24.10154515
2001,637.7671571000001
2001,1438.30008
2001,2231.182833
2001,379.7607472
2001,
2001,11.8547919
2001,
2001,37.94598408
2001,120.02488899999999
2001,
2001,
2001,
2001,7.21324206
2001,
2001,
2001,
2001,14.32208869
2001,
2001,11.728876699999999
2001,25.366150100000002
2001,
2001,
2001,
2001,
2001,
2001,
2001,
2002,
2002,0.83264313
2002,
2002,32.54990198
2002,54.07838073
2002,
2002,1022.332657
2002,14.31116488
2002,
2002,266.9494118
2002,120.72538259999999
2002,10.56810909
2002,
2002,1235.7445519999999
2002,1953.658872
2002,5.96268702
2002,555.9189012
2002,386.1386668
2002,29.3456711
2002,458.9086959
2002,66.80539004
2002,1528.223739
2002,87.22640558
2002,7.64305699
2002,
2002,58.54913073
2002,37.50208114
2002,78.79045249
2002,145.24293930000002
2002,90.66287565
2002,
2002,439.08936389999997
2002,94.32380116
2002,5.55976816
2002,2.01354966
2002,6.58007492
2002,8.55620152
2002,1563.6762449999999
2002,51.89797829
2002,
2002,4.39277025
2002,5.58609829
2002,
2002,156.9212744
2002,19.38332545
2002,
2002,
2002,123.14695459999999
2002,6.94563015
2002,0.27
2002,11.77705306
2002,208.0477303
2002,236.0791701
2002,6.92954707
2002,299.9270876
2002,171.69048069999997
2002,398.4901584
2002,472.809242
2002,
2002,2550.329852
2002,27.39419345
2002,160.3311801
2002,57.53833366
2002,
2002,36.24697924
2002,29.63563799
2002,85.50100079999999
2002,114.01552269999999
2002,3.6769519
2002,
2002,200.9248524
2002,2.86462516
2002,
2002,
2002,64.42938977
2002,1470.610225
2002,1982.9373640000001
2002,
2002,
2002,44.40504838
2002,5.913828400000001
2002,10.27922796
2002,2062.442079
2002,7.24089382
2002,
2002,707.8448753
2002,
2002,186.7981447
2002,
2002,
2002,38.61873693
2002,
2002,4.56350009
2002,3.96286049
2002,46.05981603
2002,4.29299397
2002,
2002,47.39982413
2002,
2002,348.3415315
2002,2657.869951
2002,4.88120375
2002,7.61058516
2002,44.82753799
2002,0.27
2002,1682.7282079999998
2002,
2002,864.4600732000001
2002,1324.741673
2002,103.16290620000001
2002,1993.845488
2002,
2002,92.90129335
2002,31.95989527
2002,7.75885741
2002,71.00578719
2002,
2002,319.26329280000004
2002,
2002,
2002,524.0563093000001
2002,6.89828748
2002,3.46390285
2002,129.3889493
2002,185.857336
2002,12.51725409
2002,1.91769505
2002,117.88191299999998
2002,
2002,196.67399369999998
2002,3577.409878
2002,
2002,102.9413308
2002,6.95370565
2002,6.55987679
2002,89.32519082
2002,87.73829388
2002,6.74618532
2002,583.7666267999999
2002,356.1620251
2002,
2002,16.22688738
2002,85.14411938
2002,
2002,173.5251409
2002,165.8598706
2002,18.537230100000002
2002,2400.0130480000003
2002,21.49380419
2002,120.3357969
2002,
2002,18.9197479
2002,9.82247319
2002,0.46
2002,60.92391604
2002,275.5187482
2002,3.5822962
2002,1502.176845
2002,
2002,
2002,969.1871438999999
2002,
2002,29.97596097
2002,3.36856378
2002,4.55433767
2002,455.0796489
2002,
2002,
2002,
2002,3455.9770310000004
2002,231.90391499999998
2002,4.16518423
2002,513.6156951
2002,221.6919225
2002,19.18306222
2002,26.03428651
2002,59.24122842
2002,11.26704328
2002,
2002,233.73636749999997
2002,804.5485633
2002,
2002,631.6059824
2002,
2002,79.60156466
2002,83.73846319
2002,4.21005855
2002,
2002,
2002,212.40298790000003
2002,151.0701814
2002,
2002,138.0113354
2002,
2002,65.42060675
2002,2578.444334
2002,21.38432091
2002,271.46164419999997
2002,10.37986738
2002,129.8669301
2002,
2002,
2002,330.38610819999997
2002,4.47891199
2002,241.4079758
2002,228.0320327
2002,733.4824107999999
2002,46.02412065
2002,
2002,
2002,81.44960646
2002,
2002,858.6886931
2002,14.75355905
2002,4.22295779
2002,79.86725679
2002,
2002,34.52024706
2002,2112.830606
2002,2390.604461
2002,26.21895287
2002,
2002,1.76117486
2002,4.60818282
2002,46.12850548
2002,24.39705483
2002,2.64229195
2002,
2002,69.89765482
2002,
2002,168.4382979
2002,67.27868146
2002,132.6971868
2002,45.98571236
2002,
2002,237.8487261
2002,5.20036305
2002,31.01435983
2002,578.2356147999999
2002,1639.444191
2002,2404.820625
2002,238.882058
2002,
2002,9.2626198
2002,
2002,39.24583068
2002,81.65673723
2002,
2002,
2002,
2002,6.82460938
2002,
2002,
2002,
2002,14.20221815
2002,
2002,14.71169463
2002,
2002,
2002,
2002,
2002,
2002,
2002,
2002,
2003,
2003,1.25011796
2003,
2003,40.60945675
2003,62.63720886
2003,
2003,1297.395724
2003,19.36453709
2003,
2003,278.5097619
2003,148.0747231
2003,13.90976579
2003,
2003,1535.714845
2003,2412.845413
2003,7.20606156
2003,582.2173938
2003,428.0109575
2003,30.439731400000003
2003,456.33097000000004
2003,87.45211909
2003,2251.360837
2003,95.41694201
2003,10.97839059
2003,
2003,37.34348738
2003,30.68671749
2003,123.092615
2003,180.4147025
2003,94.77183957
2003,
2003,487.6687193
2003,124.74431409999998
2003,8.17350386
2003,1.64916192
2003,8.41755226
2003,10.80859562
2003,1878.2163239999998
2003,59.80442552
2003,
2003,4.72110698
2003,8.094227799999999
2003,
2003,134.200414
2003,22.15497783
2003,
2003,
2003,122.5332713
2003,9.46252379
2003,1.15604805
2003,13.45971595
2003,295.7330008
2003,242.4763386
2003,7.68180406
2003,409.2205243
2003,180.5864894
2003,557.3329074
2003,598.2321961
2003,
2003,3171.551616
2003,33.56469525
2003,160.5651895
2003,43.843294
2003,
2003,32.10657473
2003,23.44559259
2003,86.54370249
2003,82.74382879
2003,3.63425302
2003,
2003,279.02336569999994
2003,3.43005665
2003,
2003,
2003,76.50226654
2003,1914.7698309999998
2003,2493.046782
2003,
2003,
2003,67.20445554
2003,7.62306031
2003,10.98147169
2003,2516.989357
2003,9.20902477
2003,
2003,942.7475592000001
2003,
2003,176.52906389999998
2003,
2003,
2003,42.32847392
2003,
2003,5.23160332
2003,4.69637119
2003,44.22050809
2003,3.01952537
2003,
2003,58.96514343
2003,
2003,502.3603057
2003,3301.293869
2003,5.39036747
2003,10.7449321
2003,44.27991109
2003,8.32263132
2003,2224.009927
2003,
2003,860.4107359
2003,1626.517456
2003,82.11467475
2003,2164.588704
2003,
2003,91.82544981
2003,41.51922177
2003,8.50528863
2003,96.13376303
2003,
2003,365.3971443
2003,
2003,
2003,583.4004328999999
2003,7.89142986
2003,4.58597183
2003,155.9032776
2003,170.2946576
2003,19.27115052
2003,1.56482778
2003,121.3484689
2003,
2003,266.84992819999997
2003,4168.272582
2003,
2003,127.8621801
2003,7.34521488
2003,9.1407055
2003,114.0776438
2003,109.55655870000001
2003,9.40192167
2003,751.8912554
2003,320.4019038
2003,
2003,15.16402167
2003,99.51634684
2003,
2003,175.32664599999998
2003,204.22764619999998
2003,21.74744774
2003,3443.7592759999998
2003,21.78283897
2003,181.39265690000002
2003,
2003,23.347123800000002
2003,9.72063858
2003,0.49
2003,91.39530158
2003,321.8583273
2003,3.53452631
2003,1983.622893
2003,
2003,
2003,1254.828077
2003,
2003,34.84380602
2003,3.66074574
2003,8.59454941
2003,699.582908
2003,
2003,
2003,
2003,4132.797737
2003,243.20193819999997
2003,3.65398093
2003,538.3287642999999
2003,208.8261106
2003,19.91103479
2003,23.18990199
2003,60.34586368
2003,13.31829361
2003,
2003,247.7188308
2003,1026.031779
2003,
2003,1256.123349
2003,
2003,123.7756452
2003,97.98340427
2003,6.97107664
2003,
2003,
2003,201.63518480000002
2003,146.3855789
2003,
2003,142.53428
2003,
2003,73.51462076
2003,2431.291277
2003,39.91569675
2003,278.267668
2003,13.92972312
2003,163.3393494
2003,
2003,
2003,372.9918723
2003,4.7311251
2003,319.610943
2003,317.84126069999996
2003,903.6036187999999
2003,42.19648565
2003,
2003,
2003,126.0849689
2003,
2003,1207.957055
2003,16.03928131
2003,5.54278344
2003,87.6659947
2003,
2003,63.63768054
2003,2682.286646
2003,2882.586789
2003,29.15275587
2003,
2003,2.23321252
2003,5.87900438
2003,49.85893655
2003,26.0843422
2003,4.66110173
2003,
2003,88.09097697
2003,
2003,207.98670969999998
2003,79.97758776
2003,173.7337511
2003,66.57246174
2003,
2003,410.0334129
2003,5.27805713
2003,42.53842304
2003,611.0674684999999
2003,1941.456504
2003,2608.07098
2003,178.35126359999998
2003,
2003,9.45909681
2003,
2003,43.44063664
2003,72.46413609
2003,
2003,
2003,
2003,8.14594661
2003,
2003,
2003,
2003,16.65132689
2003,
2003,16.21507513
2003,
2003,
2003,
2003,
2003,
2003,
2003,
2003,
2004,
2004,1.61415968
2004,
2004,63.93560085
2004,63.22939519
2004,
2004,1517.2119050000001
2004,19.66478251
2004,
2004,290.6163123
2004,173.8019466
2004,16.27603376
2004,
2004,1915.153068
2004,2787.684689
2004,10.52992715
2004,633.1496874
2004,443.9407416
2004,33.69826166
2004,472.17581359999997
2004,115.40074640000002
2004,2677.6519359999998
2004,96.49528977
2004,11.91078734
2004,
2004,34.93704175
2004,32.59996079
2004,138.9196321
2004,346.1220547
2004,121.04390670000001
2004,
2004,557.919248
2004,144.72852659999998
2004,12.15183052
2004,3.43966923
2004,9.25904436
2004,10.38168348
2004,2132.4033870000003
2004,78.64092601
2004,
2004,4.90437841
2004,8.45104748
2004,
2004,167.33113569999998
2004,26.6265517
2004,
2004,
2004,145.16845690000002
2004,11.825484699999999
2004,1.41596712
2004,18.42324314
2004,327.6797831
2004,246.26252799999997
2004,9.35446933
2004,497.6903343
2004,185.8327482
2004,587.9303382
2004,687.248551
2004,
2004,3692.80563
2004,29.26797065
2004,161.2995745
2004,36.15062773
2004,
2004,37.55051908
2004,23.80943117
2004,93.36862177
2004,108.20594059999999
2004,3.7806895
2004,
2004,345.34335580000004
2004,3.42651674
2004,
2004,
2004,96.15413165
2004,2225.737654
2004,2861.5022059999997
2004,
2004,
2004,73.17871454
2004,9.96626366
2004,14.82560228
2004,2706.498338
2004,15.98087472
2004,
2004,1067.382848
2004,
2004,157.5728788
2004,
2004,
2004,42.07417242
2004,
2004,3.70477448
2004,3.38795062
2004,58.84473138
2004,4.1604993
2004,
2004,55.34890609
2004,
2004,588.1576217
2004,3714.654742
2004,6.00643062
2004,10.69022253
2004,50.74795515
2004,45.04528515
2004,2668.25988
2004,
2004,880.5043089
2004,1952.34602
2004,103.9833745
2004,2352.0917289999998
2004,
2004,107.10681740000001
2004,65.77788127
2004,8.32559084
2004,111.8745469
2004,
2004,414.9817787
2004,
2004,
2004,595.9849431
2004,10.02955722
2004,3.36217385
2004,218.91637590000002
2004,194.5766105
2004,23.74531933
2004,1.9551535
2004,128.5010906
2004,
2004,252.6958355
2004,5179.52269
2004,
2004,141.1433066
2004,5.99243099
2004,12.03233915
2004,108.4196368
2004,132.8989783
2004,12.060951
2004,854.7465551000001
2004,350.7758259
2004,
2004,18.62680443
2004,120.42169720000001
2004,
2004,198.6838716
2004,217.21099069999997
2004,30.14881629
2004,4047.64108
2004,26.02728142
2004,206.4922378
2004,
2004,27.06218522
2004,9.91204806
2004,0.66716483
2004,103.6897823
2004,291.43172369999996
2004,4.74571701
2004,2234.858951
2004,
2004,
2004,1571.716694
2004,
2004,36.66055244
2004,4.26197149
2004,14.65178305
2004,1020.3677560000001
2004,
2004,
2004,
2004,4542.518377
2004,253.47453650000003
2004,4.3236873
2004,632.5809221
2004,253.4910807
2004,24.88154
2004,27.74886477
2004,65.7056062
2004,13.98412564
2004,
2004,281.6806268
2004,1190.654007
2004,
2004,1347.603942
2004,
2004,143.39218590000002
2004,126.5747251
2004,7.72612677
2004,
2004,
2004,193.1086681
2004,159.4893841
2004,
2004,145.3342586
2004,
2004,86.45526889
2004,2907.625426
2004,36.98282916
2004,285.54318860000006
2004,16.22136241
2004,188.97160119999998
2004,
2004,
2004,400.5709771
2004,3.19768393
2004,282.8202494
2004,416.8701975
2004,1032.86244
2004,42.60468762
2004,
2004,
2004,151.06972340000002
2004,
2004,1413.5988810000001
2004,20.62963277
2004,7.59122205
2004,100.1109014
2004,
2004,68.92683821
2004,2977.2338440000003
2004,3213.200029
2004,29.07131555
2004,
2004,3.06441209
2004,5.18299026
2004,55.71091522
2004,28.11024802
2004,6.16070309
2004,
2004,95.26627072
2004,
2004,233.17572119999997
2004,92.54257544
2004,220.7062636
2004,73.18861115
2004,
2004,370.3215902
2004,5.92297374
2004,53.10846255
2004,588.3172591
2004,2392.048021
2004,2785.60295
2004,172.326203
2004,
2004,10.57956357
2004,
2004,45.75535198
2004,99.02271731
2004,
2004,
2004,
2004,8.37313093
2004,
2004,
2004,
2004,14.4603234
2004,
2004,18.40720659
2004,
2004,
2004,
2004,
2004,
2004,
2004,
2004,
2005,
2005,2.52506627
2005,
2005,71.35659984
2005,69.29563633
2005,
2005,1628.698412
2005,27.1210765
2005,
2005,304.66974910000005
2005,217.02102680000002
2005,23.63018997
2005,
2005,2097.8566079999996
2005,2917.158741
2005,13.58627127
2005,634.8956344
2005,475.118403
2005,37.36466997
2005,498.0628681
2005,154.4385236
2005,2746.236707
2005,105.0146207
2005,13.43001587
2005,
2005,43.94919531
2005,38.56219573
2005,144.4628506
2005,310.94278030000004
2005,155.55158459999998
2005,
2005,581.775222
2005,166.6771776
2005,15.74706853
2005,4.667533000000001
2005,7.21796047
2005,10.58456982
2005,2425.7901260000003
2005,75.62507738
2005,
2005,4.42546509
2005,10.53202634
2005,
2005,201.11800469999997
2005,31.15907201
2005,
2005,
2005,177.65253090000002
2005,13.45292869
2005,2.19519292
2005,24.6548485
2005,414.0637133
2005,252.82493340000002
2005,7.7443313
2005,606.3849489
2005,281.8255265
2005,588.6310086
2005,769.4165322
2005,
2005,3924.454507
2005,43.22846503
2005,162.2106691
2005,62.65970472
2005,
2005,40.51718398
2005,26.78763611
2005,106.0405952
2005,134.97176299999998
2005,3.60111426
2005,
2005,397.56755489999995
2005,4.14290811
2005,
2005,
2005,107.32332720000001
2005,2371.539277
2005,2983.865931
2005,
2005,
2005,69.44045765
2005,10.40116047
2005,23.60587198
2005,2778.183623
2005,23.10241233
2005,
2005,1255.702281
2005,
2005,196.84060019999998
2005,
2005,
2005,45.98963083
2005,
2005,1.83262798
2005,3.74130392
2005,66.64265536
2005,4.17099326
2005,
2005,53.6086973
2005,
2005,657.3987202000001
2005,4346.9631
2005,7.31977194
2005,11.47524084
2005,69.01318439
2005,41.71801973
2005,2842.398905
2005,
2005,898.3531688999999
2005,2066.307516
2005,83.22973525
2005,2388.310007
2005,
2005,108.4319203
2005,94.93908938
2005,9.685073
2005,109.0998594
2005,
2005,526.0669445
2005,
2005,
2005,677.5122682
2005,11.61524874
2005,2.58358629
2005,251.85465980000004
2005,198.186917
2005,21.92428712
2005,2.66680317
2005,137.8290773
2005,
2005,302.23280980000004
2005,5464.8032299999995
2005,
2005,146.8734865
2005,6.91845663
2005,13.03385834
2005,97.93904691
2005,173.852205
2005,11.64713399
2005,956.9491687999999
2005,349.6129585
2005,
2005,18.61847995
2005,110.7452394
2005,
2005,215.17670040000002
2005,258.4377485
2005,34.714217700000006
2005,4228.13975
2005,26.29112699
2005,216.9946417
2005,
2005,28.07936326
2005,13.63886125
2005,0.46
2005,124.97429
2005,302.0232555
2005,5.72940663
2005,2326.799496
2005,
2005,
2005,1823.176709
2005,
2005,40.21245348
2005,7.72255381
2005,15.46138954
2005,1035.671771
2005,
2005,
2005,
2005,4962.985986
2005,272.1925865
2005,4.81190674
2005,610.1175525
2005,248.5856096
2005,24.55736507
2005,31.16275087
2005,76.33859239
2005,16.51698283
2005,
2005,342.925356
2005,1262.857574
2005,
2005,1375.073014
2005,
2005,203.8365757
2005,171.58584399999998
2005,10.33545499
2005,
2005,
2005,212.32669840000003
2005,163.8638184
2005,
2005,149.844111
2005,
2005,92.6897135
2005,2913.939451
2005,43.27685393
2005,338.6134758
2005,23.88553565
2005,202.6037018
2005,
2005,
2005,410.65198050000004
2005,4.38020894
2005,301.7501
2005,465.97158210000003
2005,1083.105655
2005,67.98503174
2005,
2005,
2005,174.5228649
2005,
2005,1522.881746
2005,23.37103342
2005,9.77208554
2005,124.6269249
2005,
2005,82.0100062
2005,3018.049137
2005,3313.13469
2005,31.60035514
2005,
2005,4.09852371
2005,6.87143215
2005,60.41669254
2005,39.37183222
2005,7.41416295
2005,
2005,145.6254915
2005,
2005,363.70517739999997
2005,93.34450009
2005,259.3314397
2005,73.11018436
2005,
2005,402.20669530000004
2005,7.25685404
2005,69.97515955
2005,607.500304
2005,2554.011382
2005,2953.5824039999998
2005,219.12603819999998
2005,
2005,12.5558759
2005,
2005,44.37377079
2005,128.2119954
2005,
2005,
2005,
2005,9.83805766
2005,
2005,
2005,
2005,14.30365029
2005,
2005,24.04921197
2005,
2005,
2005,
2005,
2005,
2005,
2005,
2005,
2006,
2006,2.81377948
2006,
2006,75.55251418
2006,81.67970568
2006,
2006,1853.281652
2006,50.84873501
2006,
2006,350.9846955
2006,258.8463162
2006,32.99302227
2006,
2006,2217.438755
2006,3040.373513
2006,20.83838759
2006,804.412695
2006,484.6767156
2006,43.02184554
2006,542.4535437000001
2006,168.2501785
2006,2685.2919920000004
2006,113.21511170000001
2006,14.26014422
2006,
2006,56.17043323
2006,41.25261171
2006,169.43738059999998
2006,290.83239469999995
2006,204.98809609999998
2006,
2006,597.5045941000001
2006,169.37797790000002
2006,14.87443847
2006,6.17533156
2006,7.98475091
2006,10.76372672
2006,2729.819306
2006,95.12335782
2006,
2006,4.838678400000001
2006,7.83017746
2006,
2006,249.2792471
2006,37.96834315
2006,
2006,
2006,193.1543716
2006,15.41394391
2006,2.7823269
2006,31.74426896
2006,358.5651224
2006,282.815428
2006,8.50869532
2006,679.8036473999999
2006,332.2480206
2006,622.0162884
2006,839.0037457999998
2006,
2006,4238.812169
2006,43.90938032
2006,179.184301
2006,78.01417473
2006,
2006,48.82804266
2006,33.245319300000006
2006,125.8212831
2006,184.91538369999998
2006,3.83343975
2006,
2006,459.09962
2006,4.60563612
2006,
2006,
2006,112.8884493
2006,2466.1685780000003
2006,3108.358127
2006,
2006,
2006,81.45212396
2006,10.941075699999999
2006,30.88649053
2006,2864.478973
2006,27.10749444
2006,
2006,1419.613416
2006,
2006,216.8965036
2006,
2006,
2006,56.45563501
2006,
2006,2.15751003
2006,3.6466
2006,76.74629117
2006,6.97834329
2006,
2006,54.27817003
2006,
2006,658.597168
2006,4236.161679
2006,8.2100212
2006,16.42419098
2006,80.84614609999998
2006,42.14838735
2006,3014.484497
2006,
2006,929.6865821
2006,2183.073001
2006,102.1956937
2006,2221.027682
2006,
2006,119.63317109999998
2006,121.97543459999999
2006,11.47990469
2006,104.7312607
2006,
2006,659.182655
2006,
2006,
2006,789.2181857999999
2006,16.52530125
2006,3.10770519
2006,378.4507627
2006,189.9989852
2006,28.60495774
2006,3.37054219
2006,147.37987030000002
2006,
2006,383.7407478
2006,5944.163061
2006,
2006,164.0036796
2006,7.92518463
2006,14.63257591
2006,128.6950031
2006,206.6502126
2006,12.78233262
2006,1002.155491
2006,383.8277204
2006,
2006,19.09764893
2006,110.17763659999999
2006,
2006,232.58753670000002
2006,254.26492149999999
2006,44.8478256
2006,4350.907024
2006,33.84222094
2006,241.5566457
2006,
2006,36.6517211
2006,13.16785805
2006,0.83561604
2006,117.8324071
2006,315.147808
2006,7.02647531
2006,3049.457386
2006,
2006,
2006,1837.781783
2006,
2006,42.90352052
2006,8.60331052
2006,20.09591372
2006,1263.026134
2006,
2006,
2006,
2006,5234.250633
2006,278.25358719999997
2006,6.38281942
2006,662.3856879
2006,245.5545222
2006,23.67643581
2006,41.58155161
2006,84.26717884
2006,17.129399600000003
2006,
2006,388.2770185
2006,1264.511324
2006,
2006,1351.689017
2006,
2006,231.44591549999998
2006,231.38336529999998
2006,16.48278871
2006,
2006,
2006,298.3871627
2006,197.57921169999997
2006,
2006,178.526979
2006,
2006,109.8586729
2006,2940.099316
2006,32.3140711
2006,401.4368557
2006,27.96901832
2006,233.9332656
2006,
2006,
2006,428.177085
2006,4.00711816
2006,322.7879837
2006,519.5901815000001
2006,1159.844646
2006,58.95872236
2006,
2006,
2006,183.9063962
2006,
2006,1669.622827
2006,27.85828458
2006,14.89219311
2006,165.2795878
2006,
2006,97.62497814
2006,3190.283223
2006,3292.756151
2006,32.17127143
2006,
2006,4.89757769
2006,13.79696161
2006,78.17882959
2006,44.19350087
2006,8.98786089
2006,
2006,138.31301509999997
2006,
2006,370.868758
2006,101.40641049999999
2006,301.37457870000003
2006,68.86366881
2006,
2006,447.00543799999997
2006,7.01639587
2006,89.83861439
2006,658.4885879
2006,2778.884258
2006,3174.434494
2006,261.9543203
2006,
2006,15.93992915
2006,
2006,50.80490573
2006,161.5750793
2006,
2006,
2006,
2006,15.35333919
2006,
2006,
2006,
2006,16.30562847
2006,
2006,35.028628000000005
2006,
2006,
2006,
2006,
2006,
2006,
2006,
2006,
2007,
2007,3.50342621
2007,
2007,88.76263385
2007,108.9047466
2007,
2007,2102.019346
2007,68.38520496
2007,
2007,396.55510519999996
2007,333.8596953
2007,48.33147887
2007,
2007,2670.987968
2007,3517.0343740000003
2007,36.72726007
2007,804.8050696
2007,512.7890105
2007,47.40518493
2007,559.6989022000001
2007,207.1716943
2007,3065.374217
2007,133.06439369999998
2007,16.0
2007,
2007,73.81325254
2007,44.36192603
2007,222.6940035
2007,386.0124102
2007,255.086881
2007,
2007,661.4752416
2007,218.07343280000003
2007,17.96419923
2007,6.65175068
2007,10.2874399
2007,11.86685153
2007,3047.985636
2007,103.04320759999999
2007,
2007,5.7184189000000005
2007,6.59563377
2007,
2007,295.1038132
2007,53.72577706
2007,
2007,
2007,239.17191359999998
2007,19.1019218
2007,3.69746663
2007,34.68345531
2007,427.0959761
2007,352.7053338
2007,13.64203621
2007,877.25859
2007,556.6317096
2007,713.0556332
2007,971.5002895
2007,
2007,4800.050817
2007,53.93754142
2007,192.8449634
2007,83.0574447
2007,
2007,55.4523846
2007,34.88115897
2007,122.2940335
2007,259.7430293
2007,4.09336808
2007,
2007,638.9208812999999
2007,6.69566501
2007,
2007,
2007,113.267473
2007,2783.914137
2007,3511.8650729999995
2007,
2007,
2007,102.5436551
2007,10.36076967
2007,33.39486509
2007,3233.3200460000003
2007,40.88545070000001
2007,
2007,1615.576642
2007,
2007,212.1172708
2007,
2007,
2007,61.38394096
2007,
2007,1.82546028
2007,4.44313513
2007,69.84049354
2007,8.24446187
2007,
2007,62.843612300000004
2007,
2007,719.5817457
2007,5120.754384000001
2007,10.42370188
2007,23.14719097
2007,98.09842754
2007,75.00771462
2007,3500.000333
2007,
2007,1032.328487
2007,2368.986084
2007,119.7316459
2007,2255.307744
2007,
2007,150.77925119999998
2007,120.8744447
2007,13.61399948
2007,147.5601728
2007,
2007,761.6666245
2007,
2007,
2007,786.8458975
2007,23.91327321
2007,3.30656579
2007,535.5154869
2007,212.28328419999997
2007,42.45953196
2007,5.88302741
2007,224.3295795
2007,
2007,529.0097532
2007,6414.460518
2007,
2007,176.1840096
2007,10.59951635
2007,12.70010056
2007,143.2565634
2007,221.86047349999998
2007,14.21734474
2007,1057.172522
2007,409.0247046
2007,
2007,22.40216844
2007,114.40261070000001
2007,
2007,256.1334596
2007,258.9403312
2007,60.53275693
2007,4913.326159
2007,48.54764447
2007,317.358313
2007,
2007,45.56066502
2007,12.95589054
2007,0.88191069
2007,154.0541061
2007,412.0392542
2007,6.96268672
2007,3478.576893
2007,
2007,
2007,2219.9935769999997
2007,
2007,50.83599009
2007,8.17924626
2007,26.82488471
2007,1573.704773
2007,
2007,
2007,
2007,6149.787313000001
2007,323.0091688
2007,6.91919772
2007,691.2565861
2007,255.23215469999997
2007,23.15285428
2007,49.16243024
2007,113.26408870000002
2007,19.91601287
2007,
2007,508.0484956
2007,1435.37791
2007,
2007,1314.775767
2007,
2007,341.81594029999997
2007,313.1829744
2007,17.16117675
2007,
2007,
2007,291.86256910000003
2007,195.285158
2007,
2007,201.9695331
2007,
2007,141.8995889
2007,3310.543191
2007,32.9850024
2007,408.8935855
2007,31.67709105
2007,335.4710228
2007,
2007,
2007,380.8392813
2007,2.82082599
2007,366.65747789999995
2007,720.1692588999999
2007,1318.374821
2007,63.86744674
2007,
2007,
2007,202.19697019999998
2007,
2007,1947.6772219999998
2007,29.35771437
2007,23.06922902
2007,171.3886544
2007,
2007,97.87603725
2007,3667.941643
2007,3586.1855729999997
2007,38.94114241
2007,
2007,6.67231721
2007,14.96415511
2007,99.10426928
2007,42.97399785
2007,9.61979178
2007,
2007,174.2226034
2007,
2007,387.0333888
2007,113.430761
2007,375.4009631
2007,74.17088586
2007,
2007,474.89814759999996
2007,7.32491688
2007,121.20232320000001
2007,717.9980244
2007,3156.501937
2007,3356.070268
2007,306.94298829999997
2007,
2007,19.34177596
2007,
2007,77.49118913
2007,221.6761816
2007,
2007,
2007,
2007,23.34571095
2007,
2007,
2007,
2007,17.08513791
2007,
2007,31.10667411
2007,
2007,
2007,
2007,
2007,
2007,
2007,
2007,
2008,
2008,3.74461289
2008,
2008,109.0742842
2008,147.8207065
2008,
2008,2369.6844920000003
2008,125.54511000000001
2008,
2008,408.58569
2008,437.0032935
2008,63.53859502
2008,
2008,2875.4608829999997
2008,3976.358149
2008,45.04588745
2008,829.1848864
2008,565.1189489
2008,49.06882266
2008,627.514953
2008,242.96447379999998
2008,3563.699189
2008,137.8537704
2008,17.0
2008,
2008,80.91950447
2008,55.60305940000001
2008,294.1922506
2008,407.2406372
2008,305.7357418
2008,
2008,754.3002887
2008,277.5574139
2008,21.56151702
2008,6.80837092
2008,12.65904548
2008,13.04549914
2008,3258.486529
2008,113.90373229999999
2008,
2008,6.15473433
2008,6.04398315
2008,
2008,336.9105548
2008,78.2202325
2008,
2008,
2008,266.1789425
2008,23.22485312
2008,6.45543787
2008,38.70418191
2008,420.02603210000007
2008,413.1338945
2008,17.05693465
2008,1038.836199
2008,557.0487717999999
2008,796.0664682999999
2008,1216.59906
2008,
2008,5390.313138
2008,56.08224869
2008,204.20661280000002
2008,99.70800637
2008,
2008,71.6382421
2008,42.71494519
2008,128.29494
2008,418.35472749999997
2008,5.38802777
2008,
2008,836.0005607999999
2008,7.28726668
2008,
2008,
2008,115.54308909999999
2008,3166.920942
2008,3839.0048469999997
2008,
2008,
2008,115.08569250000001
2008,12.65679575
2008,51.83188353
2008,3611.940942
2008,39.76349477
2008,
2008,1845.3351690000002
2008,
2008,213.8970216
2008,
2008,
2008,68.5392064
2008,
2008,3.60337113
2008,5.07197533
2008,139.39282849999998
2008,8.92405727
2008,
2008,70.81831128
2008,
2008,794.0160016
2008,4117.228351
2008,11.92058097
2008,24.80030645
2008,128.0676512
2008,119.95366940000001
2008,4019.9684810000003
2008,
2008,1251.1941869999998
2008,2690.7687960000003
2008,145.81385500000002
2008,2627.896816
2008,
2008,203.9407889
2008,192.85599219999997
2008,13.09886831
2008,144.280328
2008,
2008,692.2814736
2008,
2008,
2008,873.8055228000001
2008,27.26202019
2008,9.55544934
2008,608.6408763
2008,241.01832760000002
2008,46.44791055
2008,9.06686013
2008,329.5527533
2008,
2008,676.4639561
2008,6770.178177
2008,
2008,222.7318556
2008,14.86741267
2008,13.25724954
2008,169.10807580000002
2008,315.6693918
2008,15.63293527
2008,1035.751978
2008,390.8392353
2008,
2008,24.37511567
2008,133.8922111
2008,
2008,280.8001629
2008,276.5722259
2008,91.41377875
2008,5869.560715
2008,68.06621585
2008,404.1167271
2008,
2008,54.340858
2008,12.89819009
2008,1.17505794
2008,150.1934551
2008,430.5239273
2008,8.902866699999999
2008,3943.438724
2008,
2008,
2008,2336.346125
2008,
2008,57.70872616
2008,10.08084024
2008,32.64534422
2008,1718.235179
2008,
2008,
2008,
2008,6803.230154999999
2008,365.9088972
2008,7.38773949
2008,650.8309932999999
2008,340.8791347
2008,30.10771824
2008,66.32466498
2008,159.697794
2008,20.94124521
2008,
2008,702.4991313999999
2008,1551.666832
2008,
2008,1299.770669
2008,
2008,424.0663943
2008,360.58176210000005
2008,20.89012863
2008,
2008,
2008,270.19309239999995
2008,238.7735721
2008,
2008,251.36648730000002
2008,
2008,144.2330694
2008,3595.6976329999998
2008,35.59100619
2008,375.3277997
2008,35.51729159
2008,417.41326180000004
2008,
2008,
2008,331.8198447
2008,4.58217921
2008,457.68324220000005
2008,947.8056856000001
2008,1657.9930789999999
2008,65.84194079
2008,
2008,
2008,203.0555642
2008,
2008,2273.560984
2008,31.67796793
2008,32.04436732
2008,185.86378530000002
2008,
2008,104.2630958
2008,3966.023203
2008,4164.21968
2008,41.82282367
2008,
2008,10.58100067
2008,16.50957144
2008,120.6416187
2008,44.37236716
2008,13.21661836
2008,
2008,175.69027309999998
2008,
2008,444.3957654
2008,133.167342
2008,455.44953
2008,41.10773108
2008,
2008,623.2485918
2008,7.78474969
2008,149.6985246
2008,1007.943614
2008,3130.5868370000003
2008,3554.2387439999998
2008,459.6498331
2008,
2008,26.31500891
2008,
2008,97.95105059
2008,268.9268716
2008,
2008,
2008,
2008,23.80215849
2008,
2008,
2008,
2008,21.131587699999997
2008,
2008,43.1885424
2008,
2008,
2008,
2008,
2008,
2008,
2008,
2008,
2009,
2009,3.90888662
2009,
2009,106.8937449
2009,143.160577
2009,
2009,2357.761806
2009,180.914189
2009,
2009,403.1583183
2009,487.7490518
2009,55.95422301
2009,
2009,2682.596575
2009,3909.672128
2009,65.41126535
2009,815.0804768999999
2009,540.1227957000001
2009,53.05791841
2009,493.64476060000004
2009,198.9302179
2009,3566.5385899999997
2009,154.1646767
2009,18.0
2009,
2009,78.46262503
2009,58.37370229999999
2009,303.4947345
2009,441.99418210000005
2009,319.84470560000005
2009,
2009,709.723508
2009,256.0841118
2009,19.312615899999997
2009,6.72102469
2009,14.97304379
2009,15.64593849
2009,3191.405747
2009,111.215548
2009,
2009,6.24655364
2009,5.60810331
2009,
2009,382.05694289999997
2009,100.4264327
2009,
2009,
2009,278.4425001
2009,12.60431807
2009,7.47958038
2009,31.80142026
2009,407.68643660000004
2009,449.44519230000003
2009,12.73029336
2009,943.7414136
2009,623.2671946
2009,745.091645
2009,1254.765028
2009,
2009,5486.623435
2009,65.45350795
2009,223.16031150000003
2009,115.3919253
2009,
2009,111.9442361
2009,44.87343997
2009,137.27957880000002
2009,611.6523527
2009,5.09138496
2009,
2009,757.9490211
2009,8.32716506
2009,
2009,
2009,101.4838478
2009,3046.940811
2009,3771.8815950000003
2009,
2009,
2009,127.32786509999998
2009,14.30996948
2009,55.88835081
2009,3630.0536399999996
2009,30.89110204
2009,
2009,1859.338884
2009,
2009,227.277779
2009,
2009,
2009,68.81293245
2009,
2009,2.05708212
2009,5.08511028
2009,144.4209281
2009,8.72953902
2009,
2009,89.17444164
2009,
2009,667.1637724
2009,3039.101493
2009,13.42071482
2009,25.98027564
2009,118.07050520000001
2009,156.461959
2009,3530.810697
2009,
2009,1209.062504
2009,2588.179735
2009,126.007263
2009,3090.291205
2009,
2009,262.4304952
2009,192.97682749999998
2009,15.400924900000001
2009,134.43530239999998
2009,
2009,688.9708981000001
2009,
2009,
2009,1348.850085
2009,30.24635346
2009,11.06180514
2009,466.2867657
2009,258.6224138
2009,55.74243208
2009,9.66351771
2009,282.49288260000003
2009,
2009,613.5253453
2009,6942.290108
2009,
2009,207.05861140000002
2009,11.45714755
2009,16.51971563
2009,176.3120869
2009,215.5668785
2009,15.62985912
2009,1080.507906
2009,453.7032425
2009,
2009,20.01657036
2009,141.9421858
2009,
2009,253.1964575
2009,304.6786056
2009,92.42500552
2009,5857.177065999999
2009,52.94669124
2009,442.85717360000007
2009,
2009,58.71159882
2009,16.77045023
2009,1.61881102
2009,163.1077321
2009,407.8255233
2009,9.60108593
2009,4545.568622
2009,
2009,
2009,2243.254437
2009,
2009,56.96380852
2009,9.55398497
2009,23.36574202
2009,1811.7637109999998
2009,
2009,
2009,
2009,6334.996177
2009,409.9510139
2009,6.99433464
2009,665.9843678999999
2009,421.8206313
2009,30.85227659
2009,57.40573189
2009,136.0242258
2009,23.21940185
2009,
2009,599.9148133
2009,1604.255773
2009,
2009,1264.302784
2009,
2009,341.06947189999994
2009,301.5799923
2009,25.0534302
2009,
2009,
2009,257.4958635
2009,293.7698626
2009,
2009,240.95753870000001
2009,
2009,131.7999864
2009,3290.863622
2009,37.30462157
2009,379.45320289999995
2009,32.49709906
2009,356.6351793
2009,
2009,
2009,279.47090519999995
2009,4.7467426
2009,553.1065129
2009,968.0139713
2009,1637.800466
2009,95.46393185
2009,
2009,
2009,227.89918280000003
2009,
2009,2232.16442
2009,30.07473532
2009,25.9328582
2009,238.2923281
2009,
2009,112.1915102
2009,3542.7824149999997
2009,4290.42584
2009,43.9025242
2009,
2009,10.85271123
2009,17.935685999999997
2009,119.44475659999999
2009,42.63445724
2009,17.56904368
2009,
2009,114.9735783
2009,
2009,513.8457802
2009,133.1164144
2009,432.37377310000005
2009,54.68129555
2009,
2009,402.310645
2009,9.58457551
2009,110.0695521
2009,1310.87815
2009,2894.527943
2009,3794.8520869999998
2009,513.9789143999999
2009,
2009,33.12630874
2009,
2009,110.1447889
2009,275.4895807
2009,
2009,
2009,
2009,28.94738283
2009,
2009,
2009,
2009,16.7946704
2009,
2009,36.66427176
2009,
2009,
2009,
2009,
2009,
2009,
2009,
2009,
2010,
2010,4.39040759
2010,
2010,94.02361264
2010,138.84092280000002
2010,
2010,2172.379162
2010,101.5915272
2010,
2010,489.45570039999996
2010,405.0588753
2010,54.23876024
2010,
2010,3246.365812
2010,3843.4238950000004
2010,67.26231209
2010,791.1145134
2010,633.6277018999999
2010,58.00554462
2010,652.3074976
2010,248.3139169
2010,3451.9022219999997
2010,149.71976750000002
2010,15.0
2010,
2010,94.19770696
2010,60.65349201
2010,306.5268427
2010,445.76072310000006
2010,465.67404000000005
2010,
2010,748.3226089999999
2010,236.9744713
2010,20.27447781
2010,7.90940238
2010,16.82139011
2010,18.17108644
2010,3681.426135
2010,116.03922460000001
2010,
2010,6.4365166
2010,7.65331926
2010,
2010,456.4062317
2010,118.38841640000001
2010,
2010,
2010,343.24719239999996
2010,22.33183442
2010,6.69876027
2010,33.78812427
2010,505.5389081
2010,552.6003007
2010,12.89902835
2010,905.3148175000001
2010,555.2659669
2010,707.4949201000001
2010,1238.410969
2010,
2010,5465.086052000001
2010,59.84327482
2010,291.9911514
2010,140.1778308
2010,
2010,122.1383946
2010,46.07898009
2010,146.1006011
2010,680.4943597
2010,5.74167964
2010,
2010,671.3716873
2010,8.41369793
2010,
2010,
2010,108.1926426
2010,2990.412639
2010,3651.8490060000004
2010,
2010,
2010,159.87577109999998
2010,13.2833014
2010,64.20004026
2010,3598.2982920000004
2010,39.8753492
2010,
2010,1621.205318
2010,
2010,197.513701
2010,
2010,
2010,68.65265464
2010,
2010,2.5971111000000002
2010,4.70151059
2010,135.5978862
2010,9.95345094
2010,
2010,
2010,
2010,653.761609
2010,3003.527697
2010,15.82486231
2010,37.74177117
2010,127.1867995
2010,200.3189401
2010,2933.400094
2010,
2010,1316.98035
2010,2520.742869
2010,132.3107766
2010,3355.070098
2010,
2010,241.8386953
2010,233.45774
2010,16.32270669
2010,131.4131294
2010,
2010,848.4361654999999
2010,
2010,
2010,983.1405978
2010,30.04684327
2010,15.36749733
2010,438.7428921
2010,254.9553139
2010,83.00086917
2010,9.48724976
2010,332.69296610000004
2010,
2010,574.2377845
2010,6905.530344
2010,
2010,202.0099712
2010,9.58503812
2010,15.42124932
2010,204.2446495
2010,231.37008659999998
2010,14.74603617
2010,1111.115639
2010,433.1318518
2010,
2010,22.668541100000002
2010,187.22084080000002
2010,
2010,
2010,333.8228409
2010,87.19891761
2010,5569.664754
2010,66.16924739999999
2010,388.4850538
2010,
2010,56.15651369
2010,15.30809273
2010,2.08765066
2010,210.94576659999998
2010,488.63786730000004
2010,9.8985135
2010,4431.118412
2010,
2010,
2010,2728.495433
2010,
2010,
2010,9.30410717
2010,23.78939026
2010,2302.086465
2010,
2010,
2010,
2010,6788.388756
2010,460.2108719
2010,8.37996789
2010,657.0083516
2010,462.91904189999997
2010,35.35712942
2010,59.29724131
2010,145.1914845
2010,27.3305837
2010,
2010,666.0193831
2010,1612.751273
2010,
2010,1153.0759890000002
2010,
2010,334.31746119999997
2010,326.0920296
2010,27.79632932
2010,
2010,
2010,404.9887833
2010,281.482474
2010,
2010,240.4478875
2010,
2010,178.8139595
2010,3120.0243
2010,34.44734077
2010,427.22197710000006
2010,32.46603794
2010,337.8304584
2010,
2010,
2010,338.54272180000004
2010,4.81695556
2010,629.0965942
2010,930.2932263
2010,1586.851233
2010,99.56021589
2010,
2010,
2010,286.10006469999996
2010,
2010,2099.095912
2010,31.30579168
2010,25.01653433
2010,235.3541923
2010,
2010,129.30581329999998
2010,3820.1167939999996
2010,4610.77461
2010,44.42910481
2010,
2010,13.08033555
2010,20.80846017
2010,134.4334055
2010,31.74442236
2010,17.96115138
2010,
2010,140.0159492
2010,
2010,515.6432446
2010,129.1450428
2010,509.96374349999996
2010,62.99335327
2010,
2010,567.4513122000001
2010,10.15830802
2010,132.7123382
2010,1078.239253
2010,2938.424005
2010,4436.607049
2010,669.4095328
2010,
2010,39.13216983
2010,
2010,142.5648294
2010,231.51860219999998
2010,
2010,
2010,
2010,31.35985546
2010,
2010,
2010,
2010,15.26963994
2010,
2010,43.93203745
2010,
2010,
2010,
2010,
2010,
2010,
2010,
2010,
