country_ID,Year,Value
1,1993,1.5
2,1993,10.7
3,1993,13.8
4,1993,20.4
5,1993,2.4
6,1993,10.4
7,1993,17.8
8,1993,12.3
9,1993,16.6
10,1993,11.6
11,1993,10.6
12,1993,20.5
13,1993,20.2
14,1993,0.8
15,1993,12.4
16,1993,16.6
17,1993,14.9
18,1993,13.4
19,1993,3.6
20,1993,1.5
21,1993,10.4
22,1993,10.8
23,1993,9.6
24,1993,11.4
25,1993,5.1
26,1993,16.3
27,1993,1.4
28,1993,1.7
46,1993,3.6
29,1993,4.3
30,1993,0.9
31,1993,4.2
32,1993,16.6
33,1993,2.9
34,1993,2.1
35,1993,17.7
36,1993,1.5
37,1993,12.6
38,1993,3.1
39,1993,3.9
40,1993,39.7
41,1993,11.2
42,1993,15.2
43,1993,14.6
44,1993,13.8
45,1993,19.4
47,1993,3.2
48,1993,2.2
49,1993,11.9
50,1993,7.9
51,1993,15.9
52,1993,12.5
53,1993,10.6
54,1993,19.0
55,1993,11.8
56,1993,3.0
57,1993,1.6
58,1993,16.2
167,1993,8.7
59,1993,1.3
61,1993,16.9
62,1993,13.6
63,1993,13.5
64,1993,6.8
65,1993,3.1
66,1993,11.6
67,1993,13.8
68,1993,3.8
69,1993,16.0
70,1993,10.6
71,1993,10.0
72,1993,2.6
73,1993,2.8
74,1993,9.4
75,1993,7.8
76,1993,9.7
77,1993,17.7
78,1993,13.6
79,1993,1.1
80,1993,1.5
81,1993,13.2
82,1993,19.6
83,1993,12.5
84,1993,18.8
85,1993,12.9
86,1993,12.9
87,1993,1.7
88,1993,22.0
89,1993,11.7
90,1993,2.2
91,1993,28.9
92,1993,27.0
93,1993,7.9
94,1993,1.0
95,1993,17.9
96,1993,21.4
97,1993,7.4
98,1993,4.9
99,1993,20.5
100,1993,20.0
101,1993,13.2
102,1993,1.6
103,1993,1.8
104,1993,4.5
105,1993,2.0
106,1993,2.6
107,1993,20.6
108,1993,39.1
109,1993,4.7
110,1993,5.5
111,1993,17.4
112,1993,30.3
114,1993,9.6
115,1993,12.8
116,1993,13.4
117,1993,2.5
118,1993,1.5
119,1993,7.3
120,1993,52.1
121,1993,1.0
122,1993,10.1
123,1993,17.8
124,1993,12.6
125,1993,1.8
126,1993,2.7
127,1993,32.5
128,1993,13.0
129,1993,13.8
130,1993,2.7
131,1993,40.9
132,1993,11.3
133,1993,10.7
134,1993,9.3
135,1993,11.3
136,1993,2.4
137,1993,15.7
138,1993,10.8
139,1993,22.4
140,1993,2.1
141,1993,12.7
173,1993,14.9
142,1993,14.1
143,1993,17.8
144,1993,1.4
145,1993,11.7
146,1993,10.2
147,1993,11.5
148,1993,31.9
150,1993,4.2
151,1993,21.7
152,1993,3.5
153,1993,13.2
154,1993,7.0
155,1993,3.2
156,1993,3.9
157,1993,13.7
158,1993,13.2
159,1993,10.5
160,1993,3.0
161,1993,16.2
163,1993,15.9
164,1993,1.4
165,1993,3.1
166,1993,16.0
168,1993,12.2
169,1993,11.3
170,1993,14.9
171,1993,6.6
172,1993,2.6
174,1993,0.9
175,1993,2.9
177,1993,32.2
178,1993,7.8
179,1993,14.7
180,1993,18.2
181,1993,8.9
182,1993,33.6
183,1993,1.7
184,1993,17.4
185,1993,19.2
186,1993,15.2
187,1993,2.7
188,1993,20.6
189,1993,17.7
190,1993,8.0
191,1993,12.2
192,1993,16.6
193,1993,0.4
194,1993,6.5
195,1993,3.5
196,1993,8.2
1,1994,1.6
2,1994,11.0
3,1994,14.3
4,1994,20.7
5,1994,2.6
6,1994,10.7
7,1994,18.2
8,1994,12.5
9,1994,17.1
10,1994,11.9
11,1994,10.9
12,1994,21.0
13,1994,20.6
14,1994,0.9
15,1994,12.7
16,1994,16.9
17,1994,15.2
18,1994,13.8
19,1994,3.8
20,1994,1.6
21,1994,10.8
22,1994,11.0
23,1994,10.2
24,1994,11.8
25,1994,5.3
26,1994,16.7
27,1994,1.5
28,1994,1.8
46,1994,3.8
29,1994,4.6
30,1994,1.0
31,1994,4.4
32,1994,17.1
33,1994,3.1
34,1994,2.2
35,1994,18.1
36,1994,1.6
37,1994,13.0
38,1994,3.2
39,1994,4.0
40,1994,40.4
41,1994,11.7
42,1994,15.6
43,1994,15.0
44,1994,14.2
45,1994,19.6
47,1994,3.3
48,1994,2.3
49,1994,12.2
50,1994,8.1
51,1994,16.4
52,1994,13.0
53,1994,10.9
54,1994,19.4
55,1994,12.3
56,1994,3.2
57,1994,1.7
58,1994,16.4
167,1994,9.0
59,1994,1.4
61,1994,17.5
62,1994,14.0
63,1994,13.8
64,1994,7.2
65,1994,3.3
66,1994,11.9
67,1994,14.2
68,1994,4.0
69,1994,16.4
70,1994,10.9
71,1994,10.4
72,1994,2.8
73,1994,3.0
74,1994,9.7
75,1994,8.2
76,1994,10.0
77,1994,18.0
78,1994,13.9
79,1994,1.2
80,1994,1.6
81,1994,13.6
82,1994,20.0
83,1994,13.0
84,1994,19.1
85,1994,13.2
86,1994,13.3
87,1994,1.7
88,1994,22.7
89,1994,12.0
90,1994,2.4
91,1994,29.7
92,1994,27.2
93,1994,8.1
94,1994,1.1
95,1994,18.1
96,1994,21.8
97,1994,7.7
98,1994,5.0
99,1994,20.9
100,1994,20.2
101,1994,13.5
102,1994,1.7
103,1994,1.9
104,1994,4.8
105,1994,2.1
106,1994,2.8
107,1994,20.9
108,1994,39.8
109,1994,5.0
110,1994,5.7
111,1994,17.9
112,1994,30.9
114,1994,9.9
115,1994,13.2
116,1994,13.9
117,1994,2.7
118,1994,1.5
119,1994,7.6
120,1994,52.5
121,1994,1.0
122,1994,10.5
123,1994,18.3
124,1994,13.0
125,1994,1.9
126,1994,2.9
127,1994,33.2
128,1994,13.4
129,1994,14.3
130,1994,2.9
131,1994,41.6
132,1994,11.8
133,1994,11.0
134,1994,9.7
135,1994,11.6
136,1994,2.5
137,1994,15.9
138,1994,11.2
139,1994,23.0
140,1994,2.2
141,1994,12.9
173,1994,15.3
142,1994,14.4
143,1994,18.0
144,1994,1.5
145,1994,12.0
146,1994,10.6
147,1994,11.9
148,1994,32.6
150,1994,4.4
151,1994,22.2
152,1994,3.6
153,1994,13.6
154,1994,7.2
155,1994,3.4
156,1994,4.0
157,1994,13.9
158,1994,13.5
159,1994,10.9
160,1994,3.1
161,1994,16.6
163,1994,16.3
164,1994,1.5
165,1994,2.9
166,1994,16.4
168,1994,12.5
169,1994,11.8
170,1994,15.4
171,1994,6.8
172,1994,2.7
174,1994,0.9
175,1994,3.0
177,1994,32.9
178,1994,8.1
179,1994,15.2
180,1994,18.8
181,1994,9.1
182,1994,34.5
183,1994,1.8
184,1994,17.7
185,1994,19.5
186,1994,15.7
187,1994,2.8
188,1994,21.2
189,1994,18.1
190,1994,8.2
191,1994,12.6
192,1994,17.0
193,1994,0.4
194,1994,6.7
195,1994,3.6
196,1994,8.5
1,1995,1.7
2,1995,11.3
3,1995,14.8
4,1995,21.0
5,1995,2.7
6,1995,11.0
7,1995,18.6
8,1995,12.8
9,1995,17.6
10,1995,12.3
11,1995,11.1
12,1995,21.4
13,1995,21.0
14,1995,1.0
15,1995,13.1
16,1995,17.2
17,1995,15.5
18,1995,14.2
19,1995,4.0
20,1995,1.7
21,1995,11.2
22,1995,11.3
23,1995,10.7
24,1995,12.2
25,1995,5.6
26,1995,17.0
27,1995,1.6
28,1995,1.9
46,1995,3.9
29,1995,4.9
30,1995,1.1
31,1995,4.6
32,1995,17.6
33,1995,3.2
34,1995,2.3
35,1995,18.5
36,1995,1.7
37,1995,13.4
38,1995,3.4
39,1995,4.2
40,1995,41.0
41,1995,12.2
42,1995,15.9
43,1995,15.3
44,1995,14.6
45,1995,19.8
47,1995,3.4
48,1995,2.4
49,1995,12.5
50,1995,8.3
51,1995,17.0
52,1995,13.4
53,1995,11.3
54,1995,19.8
55,1995,12.8
56,1995,3.4
57,1995,1.8
58,1995,16.5
167,1995,9.2
59,1995,1.5
61,1995,18.1
62,1995,14.4
63,1995,14.1
64,1995,7.5
65,1995,3.5
66,1995,12.2
67,1995,14.5
68,1995,4.2
69,1995,16.7
70,1995,11.3
71,1995,10.8
72,1995,2.9
73,1995,3.2
74,1995,10.0
75,1995,8.6
76,1995,10.4
77,1995,18.2
78,1995,14.3
79,1995,1.2
80,1995,1.8
81,1995,14.1
82,1995,20.3
83,1995,13.5
84,1995,19.5
85,1995,13.5
86,1995,13.7
87,1995,1.8
88,1995,23.3
89,1995,12.3
90,1995,2.5
91,1995,30.4
92,1995,27.4
93,1995,8.3
94,1995,1.2
95,1995,18.3
96,1995,22.3
97,1995,8.1
98,1995,5.1
99,1995,21.3
100,1995,20.5
101,1995,13.9
102,1995,1.8
103,1995,2.0
104,1995,5.1
105,1995,2.2
106,1995,2.9
107,1995,21.3
108,1995,40.5
109,1995,5.2
110,1995,5.9
111,1995,18.4
112,1995,31.6
114,1995,10.1
115,1995,13.7
116,1995,14.3
117,1995,2.8
118,1995,1.6
119,1995,7.9
120,1995,53.0
121,1995,1.1
122,1995,10.9
123,1995,18.8
124,1995,13.4
125,1995,2.0
126,1995,3.0
127,1995,33.9
128,1995,13.8
129,1995,14.9
130,1995,3.0
131,1995,42.2
132,1995,12.2
133,1995,11.4
134,1995,10.1
135,1995,11.9
136,1995,2.6
137,1995,16.2
138,1995,11.6
139,1995,23.6
140,1995,2.4
141,1995,13.2
173,1995,15.6
142,1995,14.7
143,1995,18.1
144,1995,1.6
145,1995,12.4
146,1995,11.0
147,1995,12.3
148,1995,33.3
150,1995,4.7
151,1995,22.9
152,1995,3.8
153,1995,13.9
154,1995,7.4
155,1995,3.5
156,1995,4.0
157,1995,14.2
158,1995,13.7
159,1995,11.3
160,1995,3.3
161,1995,17.1
163,1995,16.6
164,1995,1.6
165,1995,2.7
166,1995,16.8
168,1995,12.9
169,1995,12.2
170,1995,15.8
171,1995,7.0
172,1995,2.8
174,1995,1.0
175,1995,3.2
177,1995,33.6
178,1995,8.5
179,1995,15.7
180,1995,19.4
181,1995,9.4
182,1995,35.4
183,1995,1.9
184,1995,17.9
185,1995,19.8
186,1995,16.2
187,1995,2.9
188,1995,21.9
189,1995,18.5
190,1995,8.5
191,1995,13.1
192,1995,17.4
193,1995,0.5
194,1995,7.0
195,1995,3.7
196,1995,8.9
1,1996,1.8
2,1996,11.7
3,1996,15.3
4,1996,21.2
5,1996,2.9
6,1996,11.3
7,1996,19.1
8,1996,13.1
9,1996,18.1
10,1996,12.6
11,1996,11.4
12,1996,21.9
13,1996,21.3
14,1996,1.0
15,1996,13.4
16,1996,17.5
17,1996,15.8
18,1996,14.6
19,1996,4.2
20,1996,1.8
21,1996,11.6
22,1996,11.6
23,1996,11.3
24,1996,12.7
25,1996,5.9
26,1996,17.3
27,1996,1.7
28,1996,2.0
46,1996,4.1
29,1996,5.2
30,1996,1.1
31,1996,4.8
32,1996,18.2
33,1996,3.3
34,1996,2.4
35,1996,18.9
36,1996,1.8
37,1996,13.8
38,1996,3.5
39,1996,4.4
40,1996,41.8
41,1996,12.7
42,1996,16.2
43,1996,15.7
44,1996,15.0
45,1996,20.0
47,1996,3.6
48,1996,2.5
49,1996,12.8
50,1996,8.5
51,1996,17.5
52,1996,13.9
53,1996,11.7
54,1996,20.3
55,1996,13.3
56,1996,3.6
57,1996,1.9
58,1996,16.7
167,1996,9.5
59,1996,1.6
61,1996,18.7
62,1996,14.8
63,1996,14.5
64,1996,7.9
65,1996,3.8
66,1996,12.5
67,1996,14.9
68,1996,4.4
69,1996,17.1
70,1996,11.7
71,1996,11.2
72,1996,3.1
73,1996,3.4
74,1996,10.4
75,1996,9.1
76,1996,10.8
77,1996,18.5
78,1996,14.6
79,1996,1.3
80,1996,1.9
81,1996,14.6
82,1996,20.7
83,1996,13.9
84,1996,19.8
85,1996,13.8
86,1996,14.1
87,1996,1.8
88,1996,24.0
89,1996,12.6
90,1996,2.6
91,1996,31.2
92,1996,27.8
93,1996,8.6
94,1996,1.3
95,1996,18.5
96,1996,22.8
97,1996,8.4
98,1996,5.2
99,1996,21.7
100,1996,20.7
101,1996,14.3
102,1996,1.9
103,1996,2.1
104,1996,5.5
105,1996,2.4
106,1996,3.1
107,1996,21.6
108,1996,41.1
109,1996,5.5
110,1996,6.1
111,1996,18.9
112,1996,32.3
114,1996,10.4
115,1996,14.2
116,1996,14.8
117,1996,3.0
118,1996,1.7
119,1996,8.2
120,1996,53.4
121,1996,1.2
122,1996,11.3
123,1996,19.4
124,1996,13.8
125,1996,2.1
126,1996,3.2
127,1996,34.6
128,1996,14.2
129,1996,15.5
130,1996,3.2
131,1996,42.8
132,1996,12.7
133,1996,11.8
134,1996,10.5
135,1996,12.2
136,1996,2.7
137,1996,16.4
138,1996,12.0
139,1996,24.1
140,1996,2.5
141,1996,13.4
173,1996,15.9
142,1996,15.0
143,1996,18.3
144,1996,1.7
145,1996,12.8
146,1996,11.4
147,1996,12.8
148,1996,34.0
150,1996,5.0
151,1996,23.5
152,1996,3.9
153,1996,14.2
154,1996,7.6
155,1996,3.7
156,1996,4.1
157,1996,14.5
158,1996,14.0
159,1996,11.7
160,1996,3.4
161,1996,17.6
163,1996,17.0
164,1996,1.7
165,1996,3.6
166,1996,17.2
168,1996,13.2
169,1996,12.5
170,1996,16.3
171,1996,7.2
172,1996,3.0
174,1996,1.0
175,1996,3.3
177,1996,34.2
178,1996,8.9
179,1996,16.2
180,1996,20.0
181,1996,9.7
182,1996,36.2
183,1996,2.0
184,1996,18.1
185,1996,20.1
186,1996,16.6
187,1996,3.1
188,1996,22.6
189,1996,18.9
190,1996,8.7
191,1996,13.6
192,1996,17.8
193,1996,0.5
194,1996,7.3
195,1996,3.8
196,1996,9.2
1,1997,1.9
2,1997,12.0
3,1997,15.8
4,1997,21.5
5,1997,3.1
6,1997,11.7
7,1997,19.5
8,1997,13.3
9,1997,18.6
10,1997,12.9
11,1997,11.7
12,1997,22.4
13,1997,21.7
14,1997,1.1
15,1997,13.8
16,1997,17.9
17,1997,16.1
18,1997,15.0
19,1997,4.4
20,1997,2.0
21,1997,12.0
22,1997,11.8
23,1997,11.8
24,1997,13.1
25,1997,6.2
26,1997,17.6
27,1997,1.8
28,1997,2.1
46,1997,4.3
29,1997,5.5
30,1997,1.2
31,1997,5.1
32,1997,18.7
33,1997,3.5
34,1997,2.5
35,1997,19.3
36,1997,1.9
37,1997,14.2
38,1997,3.7
39,1997,4.6
40,1997,42.5
41,1997,13.2
42,1997,16.5
43,1997,16.1
44,1997,15.3
45,1997,20.3
47,1997,3.7
48,1997,2.7
49,1997,13.1
50,1997,8.7
51,1997,18.0
52,1997,14.4
53,1997,12.0
54,1997,20.7
55,1997,13.9
56,1997,3.8
57,1997,1.9
58,1997,16.9
167,1997,9.8
59,1997,1.7
61,1997,19.3
62,1997,15.2
63,1997,14.8
64,1997,8.2
65,1997,4.0
66,1997,12.8
67,1997,15.2
68,1997,4.7
69,1997,17.4
70,1997,12.1
71,1997,11.6
72,1997,3.2
73,1997,3.6
74,1997,10.7
75,1997,9.5
76,1997,11.3
77,1997,18.7
78,1997,15.0
79,1997,1.4
80,1997,2.1
81,1997,15.1
82,1997,21.1
83,1997,14.4
84,1997,20.1
85,1997,14.1
86,1997,14.6
87,1997,1.9
88,1997,24.6
89,1997,12.9
90,1997,2.8
91,1997,32.1
92,1997,28.2
93,1997,8.8
94,1997,1.4
95,1997,18.7
96,1997,23.3
97,1997,8.8
98,1997,5.3
99,1997,22.2
100,1997,20.9
101,1997,14.7
102,1997,2.0
103,1997,2.2
104,1997,5.8
105,1997,2.5
106,1997,3.2
107,1997,22.0
108,1997,41.8
109,1997,5.8
110,1997,6.2
111,1997,19.4
112,1997,32.9
114,1997,10.7
115,1997,14.7
116,1997,15.3
117,1997,3.2
118,1997,1.8
119,1997,8.5
120,1997,53.8
121,1997,1.3
122,1997,11.7
123,1997,19.9
124,1997,14.3
125,1997,2.2
126,1997,3.4
127,1997,35.3
128,1997,14.6
129,1997,16.2
130,1997,3.4
131,1997,43.4
132,1997,13.2
133,1997,12.2
134,1997,11.0
135,1997,12.5
136,1997,2.9
137,1997,16.7
138,1997,12.4
139,1997,24.7
140,1997,2.6
141,1997,13.6
173,1997,16.2
142,1997,15.3
143,1997,18.5
144,1997,1.9
145,1997,13.2
146,1997,11.8
147,1997,13.2
148,1997,34.7
150,1997,5.3
151,1997,24.2
152,1997,4.1
153,1997,14.5
154,1997,7.9
155,1997,3.9
156,1997,4.2
157,1997,14.7
158,1997,14.3
159,1997,12.2
160,1997,3.6
161,1997,18.2
163,1997,17.3
164,1997,1.8
165,1997,2.7
166,1997,17.6
168,1997,13.5
169,1997,12.9
170,1997,16.7
171,1997,7.4
172,1997,3.2
174,1997,1.1
175,1997,3.5
177,1997,34.9
178,1997,9.3
179,1997,16.7
180,1997,20.5
181,1997,10.0
182,1997,37.0
183,1997,2.1
184,1997,18.4
185,1997,20.5
186,1997,17.1
187,1997,3.3
188,1997,23.3
189,1997,19.3
190,1997,8.9
191,1997,14.1
192,1997,18.2
193,1997,0.5
194,1997,7.7
195,1997,3.9
196,1997,9.5
1,1998,2.1
2,1998,12.4
3,1998,16.3
4,1998,21.7
5,1998,3.2
6,1998,12.0
7,1998,19.9
8,1998,13.6
9,1998,19.1
10,1998,13.3
11,1998,11.9
12,1998,22.9
13,1998,22.1
14,1998,1.2
15,1998,14.2
16,1998,18.2
17,1998,16.4
18,1998,15.5
19,1998,4.6
20,1998,2.1
21,1998,12.4
22,1998,12.0
23,1998,12.2
24,1998,13.6
25,1998,6.5
26,1998,17.9
27,1998,1.9
28,1998,2.2
46,1998,4.5
29,1998,5.7
30,1998,1.3
31,1998,5.3
32,1998,19.3
33,1998,3.6
34,1998,2.7
35,1998,19.7
36,1998,2.1
37,1998,14.6
38,1998,3.8
39,1998,4.8
40,1998,43.3
41,1998,13.7
42,1998,16.9
43,1998,16.5
44,1998,15.7
45,1998,20.5
47,1998,3.8
48,1998,2.8
49,1998,13.4
50,1998,8.9
51,1998,18.5
52,1998,14.9
53,1998,12.4
54,1998,21.2
55,1998,14.4
56,1998,3.9
57,1998,2.0
58,1998,17.0
167,1998,10.1
59,1998,1.7
61,1998,19.9
62,1998,15.6
63,1998,15.1
64,1998,8.6
65,1998,4.2
66,1998,13.1
67,1998,15.6
68,1998,4.9
69,1998,17.8
70,1998,12.6
71,1998,12.1
72,1998,3.4
73,1998,3.8
74,1998,11.1
75,1998,10.0
76,1998,11.7
77,1998,19.0
78,1998,15.3
79,1998,1.5
80,1998,2.2
81,1998,15.6
82,1998,21.4
83,1998,14.9
84,1998,20.4
85,1998,14.4
86,1998,15.0
87,1998,1.9
88,1998,25.2
89,1998,13.3
90,1998,2.9
91,1998,33.0
92,1998,28.7
93,1998,9.1
94,1998,1.5
95,1998,18.9
96,1998,23.7
97,1998,9.2
98,1998,5.4
99,1998,22.6
100,1998,21.2
101,1998,15.1
102,1998,2.1
103,1998,2.4
104,1998,6.2
105,1998,2.6
106,1998,3.4
107,1998,22.4
108,1998,42.5
109,1998,6.1
110,1998,6.4
111,1998,19.9
112,1998,33.5
114,1998,11.0
115,1998,15.1
116,1998,15.8
117,1998,3.3
118,1998,1.9
119,1998,8.8
120,1998,54.3
121,1998,1.4
122,1998,12.2
123,1998,20.4
124,1998,14.7
125,1998,2.3
126,1998,3.6
127,1998,36.0
128,1998,15.1
129,1998,16.8
130,1998,3.5
131,1998,44.0
132,1998,13.7
133,1998,12.5
134,1998,11.4
135,1998,12.9
136,1998,3.0
137,1998,17.0
138,1998,12.8
139,1998,25.2
140,1998,2.7
141,1998,13.8
173,1998,16.5
142,1998,15.6
143,1998,18.7
144,1998,2.0
145,1998,13.6
146,1998,12.1
147,1998,13.7
148,1998,35.3
150,1998,5.6
151,1998,25.0
152,1998,4.3
153,1998,14.8
154,1998,8.1
155,1998,4.0
156,1998,4.3
157,1998,15.0
158,1998,14.5
159,1998,12.6
160,1998,3.8
161,1998,18.7
163,1998,17.6
164,1998,1.9
165,1998,3.7
166,1998,18.1
168,1998,13.9
169,1998,13.2
170,1998,17.2
171,1998,7.5
172,1998,3.3
174,1998,1.2
175,1998,3.7
177,1998,35.6
178,1998,9.7
179,1998,17.2
180,1998,21.1
181,1998,10.3
182,1998,37.8
183,1998,2.2
184,1998,18.6
185,1998,20.9
186,1998,17.6
187,1998,3.4
188,1998,24.1
189,1998,19.7
190,1998,9.2
191,1998,14.6
192,1998,18.6
193,1998,0.6
194,1998,8.0
195,1998,4.0
196,1998,9.9
1,1999,2.2
2,1999,12.8
3,1999,16.8
4,1999,22.0
5,1999,3.4
6,1999,12.3
7,1999,20.3
8,1999,13.9
9,1999,19.7
10,1999,13.6
11,1999,12.2
12,1999,23.4
13,1999,22.5
14,1999,1.2
15,1999,14.7
16,1999,18.5
17,1999,16.7
18,1999,15.9
19,1999,4.8
20,1999,2.3
21,1999,12.8
22,1999,12.3
23,1999,12.7
24,1999,14.1
25,1999,6.8
26,1999,18.2
27,1999,2.0
28,1999,2.3
46,1999,4.7
29,1999,6.0
30,1999,1.4
31,1999,5.6
32,1999,19.9
33,1999,3.8
34,1999,2.8
35,1999,20.2
36,1999,2.2
37,1999,15.0
38,1999,4.0
39,1999,5.0
40,1999,44.1
41,1999,14.3
42,1999,17.2
43,1999,16.9
44,1999,16.1
45,1999,20.7
47,1999,3.9
48,1999,2.9
49,1999,13.7
50,1999,9.1
51,1999,18.9
52,1999,15.5
53,1999,12.8
54,1999,21.7
55,1999,15.0
56,1999,4.1
57,1999,2.1
58,1999,17.2
167,1999,10.4
59,1999,1.8
61,1999,20.4
62,1999,16.0
63,1999,15.5
64,1999,8.9
65,1999,4.5
66,1999,13.4
67,1999,15.9
68,1999,5.2
69,1999,18.2
70,1999,13.0
71,1999,12.5
72,1999,3.5
73,1999,4.1
74,1999,11.5
75,1999,10.5
76,1999,12.1
77,1999,19.3
78,1999,15.7
79,1999,1.5
80,1999,2.4
81,1999,16.1
82,1999,21.8
83,1999,15.4
84,1999,20.8
85,1999,14.7
86,1999,15.4
87,1999,2.0
88,1999,25.8
89,1999,13.6
90,1999,3.1
91,1999,33.9
92,1999,29.1
93,1999,9.4
94,1999,1.6
95,1999,19.1
96,1999,24.2
97,1999,9.6
98,1999,5.5
99,1999,23.1
100,1999,21.4
101,1999,15.5
102,1999,2.2
103,1999,2.5
104,1999,6.6
105,1999,2.8
106,1999,3.6
107,1999,22.7
108,1999,43.1
109,1999,6.4
110,1999,6.6
111,1999,20.3
112,1999,34.2
114,1999,11.3
115,1999,15.6
116,1999,16.3
117,1999,3.5
118,1999,2.1
119,1999,9.1
120,1999,54.7
121,1999,1.5
122,1999,12.6
123,1999,21.0
124,1999,15.1
125,1999,2.4
126,1999,3.8
127,1999,36.7
128,1999,15.5
129,1999,17.5
130,1999,3.7
131,1999,44.5
132,1999,14.2
133,1999,12.9
134,1999,11.9
135,1999,13.2
136,1999,3.1
137,1999,17.2
138,1999,13.3
139,1999,25.7
140,1999,2.8
141,1999,14.0
173,1999,16.8
142,1999,15.9
143,1999,18.8
144,1999,2.1
145,1999,14.0
146,1999,12.5
147,1999,14.1
148,1999,36.0
150,1999,5.9
151,1999,25.6
152,1999,4.5
153,1999,15.2
154,1999,8.4
155,1999,4.2
156,1999,4.3
157,1999,15.2
158,1999,14.8
159,1999,13.1
160,1999,3.9
161,1999,19.2
163,1999,18.0
164,1999,2.0
165,1999,5.5
166,1999,18.5
168,1999,14.2
169,1999,13.5
170,1999,17.7
171,1999,7.8
172,1999,3.5
174,1999,1.3
175,1999,3.9
177,1999,36.3
178,1999,10.1
179,1999,17.7
180,1999,21.6
181,1999,10.6
182,1999,38.5
183,1999,2.3
184,1999,18.8
185,1999,21.3
186,1999,18.1
187,1999,3.6
188,1999,24.8
189,1999,20.1
190,1999,9.5
191,1999,15.1
192,1999,19.0
193,1999,0.6
194,1999,8.4
195,1999,4.1
196,1999,10.2
1,2000,2.3
2,2000,13.2
3,2000,17.4
4,2000,22.2
5,2000,3.6
6,2000,12.7
7,2000,20.7
8,2000,14.2
9,2000,20.2
10,2000,14.0
11,2000,12.5
12,2000,23.9
13,2000,22.9
14,2000,1.3
15,2000,15.1
16,2000,18.8
17,2000,17.0
18,2000,16.4
19,2000,5.0
20,2000,2.4
21,2000,13.2
22,2000,12.6
23,2000,13.1
24,2000,14.5
25,2000,7.2
26,2000,18.6
27,2000,2.1
28,2000,2.4
46,2000,5.0
29,2000,6.3
30,2000,1.5
31,2000,5.8
32,2000,20.5
33,2000,3.9
34,2000,2.9
35,2000,20.6
36,2000,2.4
37,2000,15.4
38,2000,4.1
39,2000,5.2
40,2000,44.9
41,2000,14.8
42,2000,17.5
43,2000,17.3
44,2000,16.4
45,2000,21.0
47,2000,4.0
48,2000,3.1
49,2000,14.0
50,2000,9.3
51,2000,19.4
52,2000,16.0
53,2000,13.2
54,2000,22.2
55,2000,15.6
56,2000,4.3
57,2000,2.3
58,2000,17.4
167,2000,10.7
59,2000,1.9
61,2000,21.0
62,2000,16.4
63,2000,15.8
64,2000,9.3
65,2000,4.8
66,2000,13.7
67,2000,16.3
68,2000,5.5
69,2000,18.5
70,2000,13.5
71,2000,12.9
72,2000,3.7
73,2000,4.3
74,2000,11.9
75,2000,10.9
76,2000,12.6
77,2000,19.6
78,2000,16.0
79,2000,1.6
80,2000,2.6
81,2000,16.6
82,2000,22.2
83,2000,16.0
84,2000,21.1
85,2000,15.0
86,2000,15.9
87,2000,2.1
88,2000,26.4
89,2000,14.0
90,2000,3.2
91,2000,34.9
92,2000,29.6
93,2000,9.6
94,2000,1.7
95,2000,19.3
96,2000,24.6
97,2000,10.0
98,2000,5.6
99,2000,23.5
100,2000,21.6
101,2000,15.8
102,2000,2.3
103,2000,2.7
104,2000,7.0
105,2000,3.0
106,2000,3.8
107,2000,23.1
108,2000,43.7
109,2000,6.7
110,2000,6.8
111,2000,20.8
112,2000,34.7
114,2000,11.6
115,2000,16.2
116,2000,16.7
117,2000,3.7
118,2000,2.2
119,2000,9.5
120,2000,55.1
121,2000,1.6
122,2000,13.0
123,2000,21.5
124,2000,15.6
125,2000,2.5
126,2000,4.0
127,2000,37.5
128,2000,16.0
129,2000,18.0
130,2000,3.9
131,2000,45.0
132,2000,14.7
133,2000,13.3
134,2000,12.3
135,2000,13.5
136,2000,3.3
137,2000,17.5
138,2000,13.7
139,2000,26.2
140,2000,2.9
141,2000,14.2
173,2000,17.1
142,2000,16.2
143,2000,19.0
144,2000,2.3
145,2000,14.4
146,2000,12.9
147,2000,14.6
148,2000,36.7
150,2000,6.3
151,2000,26.2
152,2000,4.7
153,2000,15.5
154,2000,8.6
155,2000,4.4
156,2000,4.4
157,2000,15.5
158,2000,15.1
159,2000,13.5
160,2000,4.1
161,2000,19.7
163,2000,18.3
164,2000,2.1
165,2000,5.8
166,2000,18.9
168,2000,14.6
169,2000,13.9
170,2000,18.2
171,2000,8.0
172,2000,3.7
174,2000,1.4
175,2000,4.1
177,2000,37.0
178,2000,10.6
179,2000,18.2
180,2000,22.2
181,2000,11.0
182,2000,39.3
183,2000,2.4
184,2000,19.1
185,2000,21.8
186,2000,18.6
187,2000,3.8
188,2000,25.5
189,2000,20.6
190,2000,9.8
191,2000,15.6
192,2000,19.4
193,2000,0.6
194,2000,8.8
195,2000,4.2
196,2000,10.5
1,2001,2.4
2,2001,13.6
3,2001,17.9
4,2001,22.5
5,2001,3.8
6,2001,13.0
7,2001,21.2
8,2001,14.4
9,2001,20.7
10,2001,14.3
11,2001,12.8
12,2001,24.3
13,2001,23.3
14,2001,1.4
15,2001,15.6
16,2001,19.1
17,2001,17.3
18,2001,16.9
19,2001,5.2
20,2001,2.6
21,2001,13.6
22,2001,12.8
23,2001,13.6
24,2001,15.0
25,2001,7.5
26,2001,18.9
27,2001,2.3
28,2001,2.5
46,2001,5.2
29,2001,6.6
30,2001,1.6
31,2001,6.1
32,2001,21.0
33,2001,4.1
34,2001,3.1
35,2001,21.0
36,2001,2.5
37,2001,15.7
38,2001,4.3
39,2001,5.4
40,2001,45.8
41,2001,15.4
42,2001,17.9
43,2001,17.7
44,2001,16.8
45,2001,21.2
47,2001,4.2
48,2001,3.3
49,2001,14.4
50,2001,9.6
51,2001,19.9
52,2001,16.6
53,2001,13.6
54,2001,22.7
55,2001,16.1
56,2001,4.5
57,2001,2.4
58,2001,17.6
167,2001,11.1
59,2001,2.0
61,2001,21.5
62,2001,16.7
63,2001,16.2
64,2001,9.6
65,2001,5.0
66,2001,14.1
67,2001,16.6
68,2001,5.8
69,2001,18.9
70,2001,13.9
71,2001,13.4
72,2001,3.9
73,2001,4.5
74,2001,12.4
75,2001,11.5
76,2001,13.1
77,2001,19.9
78,2001,16.4
79,2001,1.7
80,2001,2.8
81,2001,17.1
82,2001,22.6
83,2001,16.5
84,2001,21.4
85,2001,15.3
86,2001,16.4
87,2001,2.2
88,2001,26.9
89,2001,14.4
90,2001,3.4
91,2001,35.8
92,2001,30.1
93,2001,9.9
94,2001,1.8
95,2001,19.5
96,2001,24.9
97,2001,10.4
98,2001,5.7
99,2001,24.0
100,2001,21.9
101,2001,16.2
102,2001,2.4
103,2001,2.8
104,2001,7.5
105,2001,3.2
106,2001,4.0
107,2001,23.5
108,2001,44.4
109,2001,7.0
110,2001,7.0
111,2001,21.3
112,2001,35.4
114,2001,11.9
115,2001,16.6
116,2001,17.2
117,2001,3.8
118,2001,2.3
119,2001,9.8
120,2001,55.5
121,2001,1.7
122,2001,13.5
123,2001,22.1
124,2001,16.0
125,2001,2.7
126,2001,4.2
127,2001,38.2
128,2001,16.4
129,2001,18.5
130,2001,4.1
131,2001,45.6
132,2001,15.2
133,2001,13.7
134,2001,12.8
135,2001,13.9
136,2001,3.4
137,2001,17.8
138,2001,14.1
139,2001,26.8
140,2001,3.0
141,2001,14.5
173,2001,17.4
142,2001,16.5
143,2001,19.3
144,2001,2.4
145,2001,14.8
146,2001,13.3
147,2001,15.1
148,2001,37.4
150,2001,6.6
151,2001,26.7
152,2001,4.9
153,2001,15.8
154,2001,8.9
155,2001,4.6
156,2001,4.5
157,2001,15.8
158,2001,15.4
159,2001,14.0
160,2001,4.3
161,2001,20.2
163,2001,18.6
164,2001,2.2
165,2001,5.0
166,2001,19.4
168,2001,14.9
169,2001,14.2
170,2001,18.7
171,2001,8.2
172,2001,3.9
174,2001,1.5
175,2001,4.3
177,2001,37.7
178,2001,11.0
179,2001,18.7
180,2001,22.7
181,2001,11.3
182,2001,40.0
183,2001,2.5
184,2001,19.3
185,2001,22.3
186,2001,19.2
187,2001,4.0
188,2001,26.2
189,2001,21.0
190,2001,10.1
191,2001,16.2
192,2001,19.9
193,2001,0.7
194,2001,9.2
195,2001,4.4
196,2001,10.9
1,2002,2.6
2,2002,14.0
3,2002,18.5
4,2002,22.7
5,2002,4.1
6,2002,13.3
7,2002,21.6
8,2002,14.7
9,2002,21.3
10,2002,14.7
11,2002,13.2
12,2002,24.8
13,2002,23.6
14,2002,1.5
15,2002,16.0
16,2002,19.5
17,2002,17.6
18,2002,17.3
19,2002,5.5
20,2002,2.8
21,2002,14.0
22,2002,13.1
23,2002,14.0
24,2002,15.5
25,2002,7.9
26,2002,19.3
27,2002,2.4
28,2002,2.6
46,2002,5.5
29,2002,6.9
30,2002,1.7
31,2002,6.4
32,2002,21.6
33,2002,4.2
34,2002,3.2
35,2002,21.5
36,2002,2.7
37,2002,16.2
38,2002,4.5
39,2002,5.6
40,2002,46.6
41,2002,16.0
42,2002,18.3
43,2002,18.2
44,2002,17.1
45,2002,21.5
47,2002,4.3
48,2002,3.4
49,2002,14.7
50,2002,9.8
51,2002,20.3
52,2002,17.2
53,2002,14.0
54,2002,23.3
55,2002,16.7
56,2002,4.6
57,2002,2.5
58,2002,17.8
167,2002,11.4
59,2002,2.2
61,2002,22.1
62,2002,17.1
63,2002,16.5
64,2002,10.0
65,2002,5.3
66,2002,14.5
67,2002,17.0
68,2002,6.1
69,2002,19.3
70,2002,14.4
71,2002,13.9
72,2002,4.1
73,2002,4.8
74,2002,12.8
75,2002,12.0
76,2002,13.5
77,2002,20.2
78,2002,16.8
79,2002,1.8
80,2002,3.0
81,2002,17.6
82,2002,23.0
83,2002,17.0
84,2002,21.7
85,2002,15.6
86,2002,16.9
87,2002,2.2
88,2002,27.5
89,2002,14.7
90,2002,3.6
91,2002,36.6
92,2002,30.5
93,2002,10.2
94,2002,2.0
95,2002,19.7
96,2002,25.3
97,2002,10.8
98,2002,5.9
99,2002,24.5
100,2002,22.1
101,2002,16.6
102,2002,2.5
103,2002,3.0
104,2002,7.9
105,2002,3.4
106,2002,4.3
107,2002,23.9
108,2002,45.0
109,2002,7.4
110,2002,7.2
111,2002,21.8
112,2002,36.0
114,2002,12.3
115,2002,17.1
116,2002,17.7
117,2002,4.0
118,2002,2.5
119,2002,10.2
120,2002,55.9
121,2002,1.8
122,2002,13.9
123,2002,22.7
124,2002,16.5
125,2002,2.8
126,2002,4.4
127,2002,39.0
128,2002,16.8
129,2002,18.8
130,2002,4.3
131,2002,46.2
132,2002,15.7
133,2002,14.1
134,2002,13.3
135,2002,14.2
136,2002,3.6
137,2002,18.1
138,2002,14.6
139,2002,27.4
140,2002,3.1
141,2002,14.7
173,2002,17.7
142,2002,16.8
143,2002,19.5
144,2002,2.6
145,2002,15.3
146,2002,13.7
147,2002,15.6
148,2002,38.1
150,2002,6.9
151,2002,27.1
152,2002,5.1
153,2002,16.2
154,2002,9.2
155,2002,4.9
156,2002,4.6
157,2002,16.0
158,2002,15.7
159,2002,14.4
160,2002,4.5
161,2002,20.8
163,2002,19.0
164,2002,2.4
165,2002,3.7
166,2002,19.8
168,2002,15.3
169,2002,14.5
170,2002,19.2
171,2002,8.5
172,2002,4.2
174,2002,1.6
175,2002,4.5
177,2002,38.4
178,2002,11.5
179,2002,19.2
180,2002,23.3
181,2002,11.7
182,2002,40.8
183,2002,2.6
184,2002,19.6
185,2002,22.8
186,2002,19.7
187,2002,4.2
188,2002,26.9
189,2002,21.4
190,2002,10.4
191,2002,16.7
192,2002,20.3
193,2002,0.7
194,2002,9.6
195,2002,4.5
196,2002,11.2
1,2003,2.7
2,2003,14.5
3,2003,19.1
4,2003,22.9
5,2003,4.3
6,2003,13.7
7,2003,22.1
8,2003,15.0
9,2003,21.8
10,2003,15.0
11,2003,13.5
12,2003,25.3
13,2003,24.0
14,2003,1.6
15,2003,16.5
16,2003,19.8
17,2003,17.9
18,2003,17.8
19,2003,5.7
20,2003,3.0
21,2003,14.4
22,2003,13.4
23,2003,14.4
24,2003,15.9
25,2003,8.2
26,2003,19.6
27,2003,2.6
28,2003,2.8
46,2003,5.7
29,2003,7.3
30,2003,1.8
31,2003,6.7
32,2003,22.2
33,2003,4.4
34,2003,3.4
35,2003,21.9
36,2003,2.8
37,2003,16.6
38,2003,4.7
39,2003,5.8
40,2003,47.5
41,2003,16.7
42,2003,18.6
43,2003,18.6
44,2003,17.5
45,2003,21.7
47,2003,4.4
48,2003,3.6
49,2003,15.0
50,2003,10.0
51,2003,20.8
52,2003,17.9
53,2003,14.4
54,2003,23.8
55,2003,17.3
56,2003,4.8
57,2003,2.6
58,2003,18.0
167,2003,11.7
59,2003,2.3
61,2003,22.6
62,2003,17.5
63,2003,16.9
64,2003,10.3
65,2003,5.6
66,2003,14.9
67,2003,17.3
68,2003,6.4
69,2003,19.6
70,2003,14.8
71,2003,14.3
72,2003,4.3
73,2003,5.1
74,2003,13.3
75,2003,12.6
76,2003,14.0
77,2003,20.5
78,2003,17.1
79,2003,1.9
80,2003,3.2
81,2003,18.0
82,2003,23.5
83,2003,17.6
84,2003,22.1
85,2003,15.9
86,2003,17.4
87,2003,2.4
88,2003,28.1
89,2003,15.1
90,2003,3.8
91,2003,37.4
92,2003,31.0
93,2003,10.6
94,2003,2.1
95,2003,20.0
96,2003,25.6
97,2003,11.2
98,2003,6.1
99,2003,25.0
100,2003,22.4
101,2003,17.1
102,2003,2.7
103,2003,3.1
104,2003,8.4
105,2003,3.6
106,2003,4.5
107,2003,24.2
108,2003,45.5
109,2003,7.7
110,2003,7.5
111,2003,22.3
112,2003,36.6
114,2003,12.8
115,2003,17.6
116,2003,18.2
117,2003,4.2
118,2003,2.6
119,2003,10.7
120,2003,56.3
121,2003,1.9
122,2003,14.4
123,2003,23.2
124,2003,16.9
125,2003,2.9
126,2003,4.7
127,2003,39.7
128,2003,17.3
129,2003,19.2
130,2003,4.6
131,2003,46.8
132,2003,16.2
133,2003,14.6
134,2003,13.8
135,2003,14.6
136,2003,3.7
137,2003,18.4
138,2003,15.0
139,2003,27.9
140,2003,3.2
141,2003,15.0
173,2003,17.9
142,2003,17.1
143,2003,19.7
144,2003,2.8
145,2003,15.7
146,2003,14.1
147,2003,16.1
148,2003,38.8
150,2003,7.3
151,2003,27.5
152,2003,5.3
153,2003,16.6
154,2003,9.5
155,2003,5.1
156,2003,4.7
157,2003,16.3
158,2003,15.9
159,2003,14.9
160,2003,4.7
161,2003,21.3
163,2003,19.3
164,2003,2.5
165,2003,4.4
166,2003,20.3
168,2003,15.6
169,2003,14.8
170,2003,19.7
171,2003,8.8
172,2003,4.4
174,2003,1.7
175,2003,4.7
177,2003,39.1
178,2003,11.9
179,2003,19.7
180,2003,23.9
181,2003,12.1
182,2003,41.5
183,2003,2.8
184,2003,19.9
185,2003,23.4
186,2003,20.3
187,2003,4.4
188,2003,27.6
189,2003,21.9
190,2003,10.7
191,2003,17.3
192,2003,20.6
193,2003,0.8
194,2003,10.1
195,2003,4.7
196,2003,11.5
1,2004,2.9
2,2004,14.9
3,2004,19.6
4,2004,23.2
5,2004,4.5
6,2004,14.0
7,2004,22.5
8,2004,15.4
9,2004,22.4
10,2004,15.4
11,2004,13.9
12,2004,25.7
13,2004,24.4
14,2004,1.7
15,2004,17.0
16,2004,20.2
17,2004,18.2
18,2004,18.2
19,2004,6.0
20,2004,3.2
21,2004,14.8
22,2004,13.7
23,2004,14.8
24,2004,16.4
25,2004,8.6
26,2004,20.0
27,2004,2.8
28,2004,2.9
46,2004,6.0
29,2004,7.6
30,2004,1.9
31,2004,7.0
32,2004,22.7
33,2004,4.6
34,2004,3.6
35,2004,22.4
36,2004,3.0
37,2004,17.0
38,2004,4.9
39,2004,6.1
40,2004,48.3
41,2004,17.3
42,2004,19.0
43,2004,19.0
44,2004,17.8
45,2004,22.0
47,2004,4.6
48,2004,3.8
49,2004,15.3
50,2004,10.2
51,2004,21.3
52,2004,18.6
53,2004,14.8
54,2004,24.4
55,2004,17.8
56,2004,5.0
57,2004,2.7
58,2004,18.2
167,2004,12.0
59,2004,2.4
61,2004,23.2
62,2004,17.8
63,2004,17.2
64,2004,10.7
65,2004,5.9
66,2004,15.3
67,2004,17.7
68,2004,6.7
69,2004,20.0
70,2004,15.3
71,2004,14.8
72,2004,4.5
73,2004,5.3
74,2004,13.8
75,2004,13.3
76,2004,14.5
77,2004,20.9
78,2004,17.5
79,2004,2.0
80,2004,3.4
81,2004,18.6
82,2004,23.9
83,2004,18.1
84,2004,22.4
85,2004,16.2
86,2004,17.9
87,2004,2.5
88,2004,28.6
89,2004,15.5
90,2004,4.0
91,2004,38.2
92,2004,31.5
93,2004,10.9
94,2004,2.3
95,2004,20.2
96,2004,25.9
97,2004,11.5
98,2004,6.3
99,2004,25.5
100,2004,22.6
101,2004,17.5
102,2004,2.8
103,2004,3.3
104,2004,8.9
105,2004,3.9
106,2004,4.8
107,2004,24.6
108,2004,46.1
109,2004,8.1
110,2004,7.7
111,2004,22.8
112,2004,37.3
114,2004,13.3
115,2004,18.1
116,2004,18.7
117,2004,4.4
118,2004,2.8
119,2004,11.1
120,2004,56.7
121,2004,2.0
122,2004,14.9
123,2004,23.8
124,2004,17.4
125,2004,3.1
126,2004,4.9
127,2004,40.5
128,2004,17.7
129,2004,19.6
130,2004,4.8
131,2004,47.5
132,2004,16.7
133,2004,15.0
134,2004,14.2
135,2004,15.0
136,2004,3.9
137,2004,18.8
138,2004,15.4
139,2004,28.3
140,2004,3.3
141,2004,15.2
173,2004,18.2
142,2004,17.5
143,2004,19.9
144,2004,3.0
145,2004,16.2
146,2004,14.4
147,2004,16.6
148,2004,39.5
150,2004,7.7
151,2004,27.9
152,2004,5.6
153,2004,16.9
154,2004,9.8
155,2004,5.3
156,2004,4.8
157,2004,16.6
158,2004,16.2
159,2004,15.4
160,2004,4.9
161,2004,21.8
163,2004,19.7
164,2004,2.7
165,2004,5.9
166,2004,20.7
168,2004,16.0
169,2004,15.2
170,2004,20.2
171,2004,9.1
172,2004,4.7
174,2004,1.8
175,2004,5.0
177,2004,39.9
178,2004,12.4
179,2004,20.2
180,2004,24.5
181,2004,12.5
182,2004,42.3
183,2004,2.9
184,2004,20.2
185,2004,23.9
186,2004,20.8
187,2004,4.7
188,2004,28.3
189,2004,22.3
190,2004,11.0
191,2004,17.8
192,2004,21.0
193,2004,0.9
194,2004,10.5
195,2004,4.9
196,2004,11.9
1,2005,3.0
2,2005,15.4
3,2005,20.2
4,2005,23.4
5,2005,4.8
6,2005,14.4
7,2005,23.0
8,2005,15.7
9,2005,22.9
10,2005,15.8
11,2005,14.3
12,2005,26.2
13,2005,24.7
14,2005,1.8
15,2005,17.4
16,2005,20.5
17,2005,18.5
18,2005,18.7
19,2005,6.2
20,2005,3.4
21,2005,15.2
22,2005,14.0
23,2005,15.1
24,2005,16.8
25,2005,9.0
26,2005,20.4
27,2005,2.9
28,2005,3.1
46,2005,6.3
29,2005,7.9
30,2005,2.0
31,2005,7.3
32,2005,23.3
33,2005,4.8
34,2005,3.7
35,2005,22.8
36,2005,3.2
37,2005,17.4
38,2005,5.1
39,2005,6.3
40,2005,49.1
41,2005,18.0
42,2005,19.4
43,2005,19.4
44,2005,18.2
45,2005,22.3
47,2005,4.7
48,2005,4.0
49,2005,15.7
50,2005,10.5
51,2005,21.8
52,2005,19.3
53,2005,15.2
54,2005,24.9
55,2005,18.4
56,2005,5.2
57,2005,2.9
58,2005,18.4
167,2005,12.4
59,2005,2.5
61,2005,23.7
62,2005,18.2
63,2005,17.6
64,2005,11.1
65,2005,6.3
66,2005,15.7
67,2005,18.0
68,2005,7.0
69,2005,20.4
70,2005,15.7
71,2005,15.3
72,2005,4.7
73,2005,5.6
74,2005,14.3
75,2005,13.9
76,2005,15.0
77,2005,21.3
78,2005,17.8
79,2005,2.1
80,2005,3.6
81,2005,19.1
82,2005,24.4
83,2005,18.7
84,2005,22.7
85,2005,16.5
86,2005,18.4
87,2005,2.6
88,2005,29.2
89,2005,15.9
90,2005,4.2
91,2005,38.9
92,2005,32.0
93,2005,11.3
94,2005,2.5
95,2005,20.5
96,2005,26.3
97,2005,11.9
98,2005,6.6
99,2005,26.0
100,2005,22.9
101,2005,17.9
102,2005,3.0
103,2005,3.4
104,2005,9.4
105,2005,4.2
106,2005,5.0
107,2005,25.0
108,2005,46.7
109,2005,8.4
110,2005,7.9
111,2005,23.3
112,2005,37.9
114,2005,13.8
115,2005,18.6
116,2005,19.2
117,2005,4.6
118,2005,3.0
119,2005,11.6
120,2005,57.0
121,2005,2.1
122,2005,15.4
123,2005,24.4
124,2005,17.9
125,2005,3.2
126,2005,5.2
127,2005,41.3
128,2005,18.2
129,2005,20.0
130,2005,5.1
131,2005,48.2
132,2005,17.2
133,2005,15.5
134,2005,14.7
135,2005,15.3
136,2005,4.1
137,2005,19.1
138,2005,15.9
139,2005,28.7
140,2005,3.4
141,2005,15.5
173,2005,18.5
142,2005,17.8
143,2005,20.2
144,2005,3.2
145,2005,16.7
146,2005,14.8
147,2005,17.2
148,2005,40.2
150,2005,8.0
151,2005,28.4
152,2005,5.8
153,2005,17.3
154,2005,10.0
155,2005,5.5
156,2005,4.9
157,2005,16.9
158,2005,16.5
159,2005,15.9
160,2005,5.2
161,2005,22.3
163,2005,20.0
164,2005,2.8
165,2005,4.8
166,2005,21.2
168,2005,16.3
169,2005,15.5
170,2005,20.7
171,2005,9.4
172,2005,5.0
174,2005,1.9
175,2005,5.2
177,2005,40.6
178,2005,12.9
179,2005,20.7
180,2005,25.1
181,2005,12.9
182,2005,43.1
183,2005,3.1
184,2005,20.5
185,2005,24.5
186,2005,21.4
187,2005,4.9
188,2005,29.0
189,2005,22.8
190,2005,11.4
191,2005,18.4
192,2005,21.4
193,2005,0.9
194,2005,11.0
195,2005,5.1
196,2005,12.2
1,2006,3.2
2,2006,16.0
3,2006,20.8
4,2006,23.6
5,2006,5.0
6,2006,14.7
7,2006,23.4
8,2006,16.0
9,2006,23.5
10,2006,16.1
11,2006,14.8
12,2006,26.6
13,2006,25.0
14,2006,1.9
15,2006,17.9
16,2006,20.9
17,2006,18.9
18,2006,19.1
19,2006,6.5
20,2006,3.6
21,2006,15.7
22,2006,14.3
23,2006,15.5
24,2006,17.3
25,2006,9.4
26,2006,20.8
27,2006,3.1
28,2006,3.2
46,2006,6.6
29,2006,8.2
30,2006,2.2
31,2006,7.7
32,2006,23.8
33,2006,5.0
34,2006,3.9
35,2006,23.3
36,2006,3.4
37,2006,17.8
38,2006,5.3
39,2006,6.6
40,2006,49.9
41,2006,18.6
42,2006,19.8
43,2006,19.9
44,2006,18.5
45,2006,22.6
47,2006,4.9
48,2006,4.2
49,2006,16.0
50,2006,10.7
51,2006,22.3
52,2006,20.0
53,2006,15.6
54,2006,25.5
55,2006,18.9
56,2006,5.4
57,2006,3.0
58,2006,18.6
167,2006,12.7
59,2006,2.7
61,2006,24.3
62,2006,18.5
63,2006,17.9
64,2006,11.4
65,2006,6.6
66,2006,16.1
67,2006,18.4
68,2006,7.4
69,2006,20.8
70,2006,16.2
71,2006,15.8
72,2006,4.9
73,2006,5.9
74,2006,14.8
75,2006,14.7
76,2006,15.6
77,2006,21.7
78,2006,18.2
79,2006,2.3
80,2006,3.8
81,2006,19.7
82,2006,24.9
83,2006,19.3
84,2006,23.0
85,2006,16.9
86,2006,18.9
87,2006,2.7
88,2006,29.7
89,2006,16.3
90,2006,4.4
91,2006,39.6
92,2006,32.5
93,2006,11.7
94,2006,2.7
95,2006,20.7
96,2006,26.7
97,2006,12.3
98,2006,6.8
99,2006,26.5
100,2006,23.2
101,2006,18.3
102,2006,3.1
103,2006,3.6
104,2006,9.9
105,2006,4.5
106,2006,5.3
107,2006,25.3
108,2006,47.3
109,2006,8.8
110,2006,8.1
111,2006,23.8
112,2006,38.6
114,2006,14.3
115,2006,19.1
116,2006,19.8
117,2006,4.8
118,2006,3.2
119,2006,12.0
120,2006,57.4
121,2006,2.3
122,2006,15.8
123,2006,24.9
124,2006,18.4
125,2006,3.4
126,2006,5.4
127,2006,42.1
128,2006,18.6
129,2006,20.5
130,2006,5.3
131,2006,48.9
132,2006,17.7
133,2006,15.9
134,2006,15.2
135,2006,15.7
136,2006,4.2
137,2006,19.4
138,2006,16.3
139,2006,29.1
140,2006,3.5
141,2006,15.7
173,2006,18.8
142,2006,18.2
143,2006,20.4
144,2006,3.3
145,2006,17.2
146,2006,15.1
147,2006,17.7
148,2006,40.8
150,2006,8.4
151,2006,29.0
152,2006,6.0
153,2006,17.7
154,2006,10.4
155,2006,5.8
156,2006,5.0
157,2006,17.2
158,2006,16.8
159,2006,16.5
160,2006,5.4
161,2006,22.9
163,2006,20.3
164,2006,3.0
165,2006,4.3
166,2006,21.6
168,2006,16.7
169,2006,15.9
170,2006,21.3
171,2006,9.7
172,2006,5.4
174,2006,2.0
175,2006,5.5
177,2006,41.3
178,2006,13.3
179,2006,21.3
180,2006,25.7
181,2006,13.4
182,2006,43.9
183,2006,3.2
184,2006,20.8
185,2006,25.0
186,2006,21.9
187,2006,5.1
188,2006,29.7
189,2006,23.2
190,2006,11.8
191,2006,19.0
192,2006,21.8
193,2006,1.0
194,2006,11.4
195,2006,5.3
196,2006,12.5
1,2007,3.4
2,2007,16.5
3,2007,21.4
4,2007,23.8
5,2007,5.3
6,2007,15.1
7,2007,23.9
8,2007,16.4
9,2007,24.0
10,2007,16.5
11,2007,15.2
12,2007,27.1
13,2007,25.4
14,2007,2.0
15,2007,18.4
16,2007,21.2
17,2007,19.2
18,2007,19.6
19,2007,6.7
20,2007,3.9
21,2007,16.1
22,2007,14.6
23,2007,15.8
24,2007,17.8
25,2007,9.8
26,2007,21.2
27,2007,3.3
28,2007,3.4
46,2007,6.9
29,2007,8.6
30,2007,2.3
31,2007,8.0
32,2007,24.4
33,2007,5.2
34,2007,4.1
35,2007,23.7
36,2007,3.7
37,2007,18.2
38,2007,5.5
39,2007,6.8
40,2007,50.6
41,2007,19.3
42,2007,20.2
43,2007,20.3
44,2007,18.8
45,2007,22.9
47,2007,5.0
48,2007,4.4
49,2007,16.4
50,2007,11.0
51,2007,22.9
52,2007,20.7
53,2007,16.0
54,2007,26.1
55,2007,19.5
56,2007,5.6
57,2007,3.2
58,2007,18.9
167,2007,13.1
59,2007,2.8
61,2007,24.8
62,2007,18.9
63,2007,18.3
64,2007,11.8
65,2007,6.9
66,2007,16.6
67,2007,18.8
68,2007,7.7
69,2007,21.2
70,2007,16.7
71,2007,16.3
72,2007,5.2
73,2007,6.2
74,2007,15.3
75,2007,15.4
76,2007,16.1
77,2007,22.2
78,2007,18.5
79,2007,2.4
80,2007,4.1
81,2007,20.3
82,2007,25.4
83,2007,19.8
84,2007,23.3
85,2007,17.2
86,2007,19.5
87,2007,2.9
88,2007,30.3
89,2007,16.7
90,2007,4.6
91,2007,40.3
92,2007,33.0
93,2007,12.1
94,2007,2.9
95,2007,21.0
96,2007,27.2
97,2007,12.8
98,2007,7.1
99,2007,27.1
100,2007,23.5
101,2007,18.7
102,2007,3.3
103,2007,3.8
104,2007,10.4
105,2007,4.8
106,2007,5.6
107,2007,25.7
108,2007,47.9
109,2007,9.1
110,2007,8.3
111,2007,24.3
112,2007,39.3
114,2007,14.9
115,2007,19.5
116,2007,20.4
117,2007,5.0
118,2007,3.4
119,2007,12.5
120,2007,57.8
121,2007,2.4
122,2007,16.3
123,2007,25.5
124,2007,18.9
125,2007,3.6
126,2007,5.7
127,2007,42.8
128,2007,19.0
129,2007,21.1
130,2007,5.6
131,2007,49.7
132,2007,18.2
133,2007,16.4
134,2007,15.7
135,2007,16.1
136,2007,4.4
137,2007,19.8
138,2007,16.8
139,2007,29.5
140,2007,3.6
141,2007,16.0
173,2007,19.1
142,2007,18.6
143,2007,20.7
144,2007,3.6
145,2007,17.7
146,2007,15.5
147,2007,18.3
148,2007,41.5
150,2007,8.8
151,2007,29.6
152,2007,6.3
153,2007,18.0
154,2007,10.7
155,2007,6.0
156,2007,5.1
157,2007,17.5
158,2007,17.2
159,2007,17.0
160,2007,5.6
161,2007,23.4
163,2007,20.7
164,2007,3.1
165,2007,5.8
166,2007,22.1
168,2007,17.1
169,2007,16.2
170,2007,21.9
171,2007,10.1
172,2007,5.7
174,2007,2.1
175,2007,5.7
177,2007,42.0
178,2007,13.8
179,2007,21.8
180,2007,26.3
181,2007,13.8
182,2007,44.7
183,2007,3.4
184,2007,21.1
185,2007,25.7
186,2007,22.5
187,2007,5.4
188,2007,30.3
189,2007,23.7
190,2007,12.2
191,2007,19.5
192,2007,22.2
193,2007,1.1
194,2007,11.9
195,2007,5.5
196,2007,12.9
1,2008,3.6
2,2008,17.0
3,2008,22.0
4,2008,24.0
5,2008,5.6
6,2008,15.5
7,2008,24.4
8,2008,16.7
9,2008,24.6
10,2008,16.9
11,2008,15.7
12,2008,27.6
13,2008,25.8
14,2008,2.2
15,2008,18.9
16,2008,21.6
17,2008,19.5
18,2008,20.0
19,2008,7.0
20,2008,4.1
21,2008,16.5
22,2008,14.9
23,2008,16.2
24,2008,18.2
25,2008,10.2
26,2008,21.6
27,2008,3.5
28,2008,3.6
46,2008,7.2
29,2008,8.9
30,2008,2.4
31,2008,8.3
32,2008,24.9
33,2008,5.4
34,2008,4.3
35,2008,24.2
36,2008,3.9
37,2008,18.7
38,2008,5.7
39,2008,7.1
40,2008,51.3
41,2008,20.0
42,2008,20.7
43,2008,20.8
44,2008,19.1
45,2008,23.2
47,2008,5.2
48,2008,4.6
49,2008,16.7
50,2008,11.2
51,2008,23.4
52,2008,21.5
53,2008,16.4
54,2008,26.7
55,2008,20.0
56,2008,5.8
57,2008,3.4
58,2008,19.1
167,2008,13.4
59,2008,2.9
61,2008,25.4
62,2008,19.3
63,2008,18.6
64,2008,12.1
65,2008,7.3
66,2008,17.1
67,2008,19.2
68,2008,8.0
69,2008,21.6
70,2008,17.1
71,2008,16.8
72,2008,5.4
73,2008,6.6
74,2008,15.8
75,2008,16.2
76,2008,16.7
77,2008,22.6
78,2008,18.9
79,2008,2.5
80,2008,4.3
81,2008,20.9
82,2008,25.9
83,2008,20.4
84,2008,23.6
85,2008,17.5
86,2008,20.0
87,2008,3.0
88,2008,30.8
89,2008,17.1
90,2008,4.9
91,2008,40.9
92,2008,33.5
93,2008,12.5
94,2008,3.1
95,2008,21.3
96,2008,27.7
97,2008,13.2
98,2008,7.4
99,2008,27.6
100,2008,23.8
101,2008,19.2
102,2008,3.5
103,2008,4.0
104,2008,10.9
105,2008,5.2
106,2008,5.9
107,2008,26.1
108,2008,48.4
109,2008,9.5
110,2008,8.6
111,2008,24.8
112,2008,40.1
114,2008,15.5
115,2008,20.0
116,2008,20.9
117,2008,5.2
118,2008,3.6
119,2008,13.0
120,2008,58.2
121,2008,2.6
122,2008,16.8
123,2008,26.1
124,2008,19.4
125,2008,3.7
126,2008,6.0
127,2008,43.6
128,2008,19.5
129,2008,21.8
130,2008,5.9
131,2008,50.4
132,2008,18.6
133,2008,16.9
134,2008,16.2
135,2008,16.5
136,2008,4.6
137,2008,20.1
138,2008,17.2
139,2008,30.0
140,2008,3.7
141,2008,16.3
173,2008,19.4
142,2008,19.0
143,2008,20.9
144,2008,3.8
145,2008,18.2
146,2008,15.8
147,2008,18.8
148,2008,42.2
150,2008,9.2
151,2008,30.2
152,2008,6.5
153,2008,18.4
154,2008,11.0
155,2008,6.3
156,2008,5.2
157,2008,17.8
158,2008,17.5
159,2008,17.6
160,2008,5.9
161,2008,24.0
163,2008,21.0
164,2008,3.3
165,2008,6.1
166,2008,22.5
168,2008,17.4
169,2008,16.5
170,2008,22.5
171,2008,10.5
172,2008,6.1
174,2008,2.3
175,2008,6.0
177,2008,42.7
178,2008,14.3
179,2008,22.3
180,2008,26.9
181,2008,14.3
182,2008,45.5
183,2008,3.5
184,2008,21.4
185,2008,26.3
186,2008,23.1
187,2008,5.7
188,2008,31.0
189,2008,24.1
190,2008,12.6
191,2008,20.1
192,2008,22.5
193,2008,1.2
194,2008,12.4
195,2008,5.7
196,2008,13.2
1,2009,3.8
2,2009,17.6
3,2009,22.7
4,2009,24.2
5,2009,5.9
6,2009,15.9
7,2009,24.8
8,2009,17.1
9,2009,25.1
10,2009,17.3
11,2009,16.2
12,2009,28.1
13,2009,26.2
14,2009,2.3
15,2009,19.4
16,2009,21.9
17,2009,19.8
18,2009,20.5
19,2009,7.3
20,2009,4.4
21,2009,17.0
22,2009,15.3
23,2009,16.5
24,2009,18.7
25,2009,10.7
26,2009,22.0
27,2009,3.7
28,2009,3.8
46,2009,7.6
29,2009,9.2
30,2009,2.6
31,2009,8.7
32,2009,25.5
33,2009,5.6
34,2009,4.5
35,2009,24.7
36,2009,4.1
37,2009,19.1
38,2009,5.9
39,2009,7.4
40,2009,52.0
41,2009,20.7
42,2009,21.1
43,2009,21.2
44,2009,19.4
45,2009,23.6
47,2009,5.4
48,2009,4.8
49,2009,17.1
50,2009,11.5
51,2009,23.9
52,2009,22.2
53,2009,16.8
54,2009,27.4
55,2009,20.6
56,2009,6.0
57,2009,3.5
58,2009,19.4
167,2009,13.8
59,2009,3.1
61,2009,26.0
62,2009,19.6
63,2009,19.0
64,2009,12.5
65,2009,7.6
66,2009,17.6
67,2009,19.5
68,2009,8.4
69,2009,22.0
70,2009,17.6
71,2009,17.3
72,2009,5.6
73,2009,6.9
74,2009,16.3
75,2009,16.9
76,2009,17.2
77,2009,23.1
78,2009,19.2
79,2009,2.7
80,2009,4.6
81,2009,21.5
82,2009,26.4
83,2009,21.0
84,2009,23.9
85,2009,17.8
86,2009,20.6
87,2009,3.2
88,2009,31.4
89,2009,17.6
90,2009,5.1
91,2009,41.6
92,2009,34.0
93,2009,13.0
94,2009,3.3
95,2009,21.5
96,2009,28.2
97,2009,13.6
98,2009,7.7
99,2009,28.2
100,2009,24.1
101,2009,19.6
102,2009,3.7
103,2009,4.2
104,2009,11.5
105,2009,5.5
106,2009,6.2
107,2009,26.4
108,2009,49.0
109,2009,9.9
110,2009,8.8
111,2009,25.3
112,2009,40.8
114,2009,16.1
115,2009,20.4
116,2009,21.5
117,2009,5.4
118,2009,3.8
119,2009,13.5
120,2009,58.5
121,2009,2.7
122,2009,17.3
123,2009,26.6
124,2009,19.9
125,2009,3.9
126,2009,6.4
127,2009,44.4
128,2009,19.9
129,2009,22.4
130,2009,6.2
131,2009,51.1
132,2009,19.1
133,2009,17.4
134,2009,16.7
135,2009,16.9
136,2009,4.8
137,2009,20.5
138,2009,17.7
139,2009,30.5
140,2009,3.8
141,2009,16.6
173,2009,19.8
142,2009,19.4
143,2009,21.2
144,2009,4.0
145,2009,18.7
146,2009,16.2
147,2009,19.4
148,2009,42.8
150,2009,9.6
151,2009,30.8
152,2009,6.8
153,2009,18.8
154,2009,11.4
155,2009,6.5
156,2009,5.3
157,2009,18.1
158,2009,17.8
159,2009,18.1
160,2009,6.2
161,2009,24.5
163,2009,21.3
164,2009,3.5
165,2009,5.1
166,2009,23.0
168,2009,17.8
169,2009,16.9
170,2009,23.1
171,2009,10.9
172,2009,6.5
174,2009,2.4
175,2009,6.3
177,2009,43.4
178,2009,14.8
179,2009,22.9
180,2009,27.6
181,2009,14.8
182,2009,46.2
183,2009,3.7
184,2009,21.7
185,2009,27.0
186,2009,23.6
187,2009,6.0
188,2009,31.7
189,2009,24.6
190,2009,13.0
191,2009,20.7
192,2009,22.9
193,2009,1.3
194,2009,13.0
195,2009,6.0
196,2009,13.5
1,2010,4.0
2,2010,18.2
3,2010,23.3
4,2010,24.4
5,2010,6.2
6,2010,16.2
7,2010,25.3
8,2010,17.5
9,2010,25.6
10,2010,17.6
11,2010,16.6
12,2010,28.5
13,2010,26.6
14,2010,2.5
15,2010,19.8
16,2010,22.3
17,2010,20.1
18,2010,21.0
19,2010,7.6
20,2010,4.6
21,2010,17.4
22,2010,15.6
23,2010,16.9
24,2010,19.2
25,2010,11.1
26,2010,22.4
27,2010,4.0
28,2010,4.0
46,2010,7.9
29,2010,9.6
30,2010,2.7
31,2010,9.0
32,2010,26.0
33,2010,5.9
34,2010,4.7
35,2010,25.1
36,2010,4.4
37,2010,19.5
38,2010,6.2
39,2010,7.7
40,2010,52.6
41,2010,21.4
42,2010,21.6
43,2010,21.7
44,2010,19.8
45,2010,23.9
47,2010,5.5
48,2010,5.1
49,2010,17.4
50,2010,11.8
51,2010,24.5
52,2010,23.0
53,2010,17.2
54,2010,28.0
55,2010,21.1
56,2010,6.3
57,2010,3.7
58,2010,19.6
167,2010,14.1
59,2010,3.3
61,2010,26.5
62,2010,20.0
63,2010,19.3
64,2010,12.8
65,2010,8.0
66,2010,18.2
67,2010,19.9
68,2010,8.7
69,2010,22.4
70,2010,18.1
71,2010,17.8
72,2010,5.9
73,2010,7.2
74,2010,16.8
75,2010,17.7
76,2010,17.8
77,2010,23.5
78,2010,19.6
79,2010,2.8
80,2010,4.9
81,2010,22.1
82,2010,26.9
83,2010,21.6
84,2010,24.2
85,2010,18.1
86,2010,21.1
87,2010,3.3
88,2010,31.9
89,2010,18.0
90,2010,5.4
91,2010,42.2
92,2010,34.6
93,2010,13.4
94,2010,3.5
95,2010,21.8
96,2010,28.7
97,2010,14.1
98,2010,8.0
99,2010,28.8
100,2010,24.4
101,2010,20.0
102,2010,3.9
103,2010,4.4
104,2010,12.0
105,2010,5.9
106,2010,6.5
107,2010,26.8
108,2010,49.6
109,2010,10.3
110,2010,9.1
111,2010,25.8
112,2010,41.5
114,2010,16.7
115,2010,20.8
116,2010,22.1
117,2010,5.7
118,2010,4.0
119,2010,14.0
120,2010,58.9
121,2010,2.9
122,2010,17.7
123,2010,27.2
124,2010,20.4
125,2010,4.1
126,2010,6.7
127,2010,45.2
128,2010,20.4
129,2010,23.1
130,2010,6.5
131,2010,51.8
132,2010,19.6
133,2010,17.9
134,2010,17.2
135,2010,17.3
136,2010,5.0
137,2010,20.8
138,2010,18.1
139,2010,31.1
140,2010,3.9
141,2010,16.9
173,2010,20.1
142,2010,19.8
143,2010,21.4
144,2010,4.2
145,2010,19.3
146,2010,16.5
147,2010,20.0
148,2010,43.4
150,2010,10.0
151,2010,31.5
152,2010,7.1
153,2010,19.2
154,2010,11.7
155,2010,6.8
156,2010,5.4
157,2010,18.4
158,2010,18.1
159,2010,18.7
160,2010,6.4
161,2010,25.1
163,2010,21.7
164,2010,3.7
165,2010,6.5
166,2010,23.5
168,2010,18.2
169,2010,17.3
170,2010,23.8
171,2010,11.3
172,2010,7.0
174,2010,2.6
175,2010,6.5
177,2010,44.1
178,2010,15.3
179,2010,23.4
180,2010,28.2
181,2010,15.3
182,2010,47.0
183,2010,3.9
184,2010,22.0
185,2010,27.7
186,2010,24.2
187,2010,6.3
188,2010,32.3
189,2010,25.1
190,2010,13.5
191,2010,21.3
192,2010,23.3
193,2010,1.4
194,2010,13.5
195,2010,6.3
196,2010,13.8
1,2011,4.2
2,2011,18.8
3,2011,24.0
4,2011,24.6
5,2011,6.5
6,2011,16.7
7,2011,25.8
8,2011,17.9
9,2011,26.2
10,2011,18.0
11,2011,17.2
12,2011,29.0
13,2011,27.1
14,2011,2.6
15,2011,20.4
16,2011,22.7
17,2011,20.4
18,2011,21.5
19,2011,7.9
20,2011,4.9
21,2011,17.9
22,2011,16.0
23,2011,17.2
24,2011,19.6
25,2011,11.6
26,2011,22.8
27,2011,4.2
28,2011,4.2
46,2011,8.3
29,2011,9.9
30,2011,2.9
31,2011,9.4
32,2011,26.6
33,2011,6.1
34,2011,4.9
35,2011,25.6
36,2011,4.7
37,2011,20.0
38,2011,6.4
39,2011,8.0
40,2011,53.2
41,2011,22.2
42,2011,22.0
43,2011,22.2
44,2011,20.1
45,2011,24.2
47,2011,5.7
48,2011,5.3
49,2011,17.8
50,2011,12.0
51,2011,25.0
52,2011,23.8
53,2011,17.6
54,2011,28.6
55,2011,21.7
56,2011,6.5
57,2011,3.9
58,2011,19.9
167,2011,14.5
59,2011,3.4
61,2011,27.1
62,2011,20.3
63,2011,19.7
64,2011,13.2
65,2011,8.4
66,2011,18.7
67,2011,20.3
68,2011,9.1
69,2011,22.8
70,2011,18.6
71,2011,18.4
72,2011,6.2
73,2011,7.6
74,2011,17.4
75,2011,18.6
76,2011,18.4
77,2011,24.0
78,2011,20.0
79,2011,3.0
80,2011,5.2
81,2011,22.7
82,2011,27.5
83,2011,22.2
84,2011,24.5
85,2011,18.3
86,2011,21.7
87,2011,3.5
88,2011,32.5
89,2011,18.5
90,2011,5.6
91,2011,42.8
92,2011,35.1
93,2011,13.9
94,2011,3.8
95,2011,22.1
96,2011,29.2
97,2011,14.5
98,2011,8.3
99,2011,29.4
100,2011,24.7
101,2011,20.4
102,2011,4.1
103,2011,4.6
104,2011,12.6
105,2011,6.3
106,2011,6.8
107,2011,27.1
108,2011,50.1
109,2011,10.6
110,2011,9.3
111,2011,26.3
112,2011,42.2
114,2011,17.3
115,2011,21.2
116,2011,22.8
117,2011,5.9
118,2011,4.3
119,2011,14.6
120,2011,59.3
121,2011,3.1
122,2011,18.2
123,2011,27.8
124,2011,20.9
125,2011,4.3
126,2011,7.0
127,2011,46.0
128,2011,20.8
129,2011,23.7
130,2011,6.8
131,2011,52.4
132,2011,20.1
133,2011,18.5
134,2011,17.7
135,2011,17.7
136,2011,5.2
137,2011,21.2
138,2011,18.6
139,2011,31.8
140,2011,4.0
141,2011,17.2
173,2011,20.5
142,2011,20.2
143,2011,21.7
144,2011,4.5
145,2011,19.8
146,2011,17.0
147,2011,20.6
148,2011,44.1
150,2011,10.3
151,2011,32.1
152,2011,7.3
153,2011,19.6
154,2011,12.0
155,2011,7.1
156,2011,5.5
157,2011,18.8
158,2011,18.4
159,2011,19.3
160,2011,6.7
161,2011,25.6
163,2011,22.0
164,2011,3.9
165,2011,6.1
166,2011,24.0
168,2011,18.6
169,2011,17.6
170,2011,24.4
171,2011,11.8
172,2011,7.4
174,2011,2.8
175,2011,6.8
177,2011,44.7
178,2011,15.8
179,2011,24.0
180,2011,28.9
181,2011,15.8
182,2011,47.8
183,2011,4.1
184,2011,22.4
185,2011,28.3
186,2011,24.8
187,2011,6.6
188,2011,33.0
189,2011,25.5
190,2011,13.9
191,2011,22.0
192,2011,23.7
193,2011,1.5
194,2011,14.1
195,2011,6.5
196,2011,14.1
1,2012,4.4
2,2012,19.3
3,2012,24.7
4,2012,24.8
5,2012,6.8
6,2012,17.1
7,2012,26.3
8,2012,18.3
9,2012,26.7
10,2012,18.4
11,2012,17.7
12,2012,29.5
13,2012,27.6
14,2012,2.8
15,2012,20.9
16,2012,23.0
17,2012,20.7
18,2012,22.0
19,2012,8.2
20,2012,5.2
21,2012,18.3
22,2012,16.3
23,2012,17.5
24,2012,20.1
25,2012,12.1
26,2012,23.2
27,2012,4.5
28,2012,4.4
46,2012,8.7
29,2012,10.3
30,2012,3.1
31,2012,9.8
32,2012,27.1
33,2012,6.4
34,2012,5.1
35,2012,26.1
36,2012,5.0
37,2012,20.4
38,2012,6.7
39,2012,8.3
40,2012,53.8
41,2012,22.9
42,2012,22.5
43,2012,22.6
44,2012,20.4
45,2012,24.5
47,2012,5.9
48,2012,5.6
49,2012,18.1
50,2012,12.3
51,2012,25.6
52,2012,24.5
53,2012,18.1
54,2012,29.3
55,2012,22.2
56,2012,6.8
57,2012,4.1
58,2012,20.1
167,2012,14.9
59,2012,3.6
61,2012,27.7
62,2012,20.7
63,2012,20.1
64,2012,13.5
65,2012,8.7
66,2012,19.3
67,2012,20.7
68,2012,9.4
69,2012,23.2
70,2012,19.1
71,2012,18.9
72,2012,6.4
73,2012,7.9
74,2012,17.9
75,2012,19.4
76,2012,19.0
77,2012,24.5
78,2012,20.3
79,2012,3.1
80,2012,5.5
81,2012,23.3
82,2012,28.0
83,2012,22.8
84,2012,24.8
85,2012,18.7
86,2012,22.3
87,2012,3.6
88,2012,33.1
89,2012,19.0
90,2012,5.9
91,2012,43.5
92,2012,35.6
93,2012,14.4
94,2012,4.1
95,2012,22.4
96,2012,29.7
97,2012,14.9
98,2012,8.6
99,2012,30.0
100,2012,25.0
101,2012,20.9
102,2012,4.3
103,2012,4.8
104,2012,13.1
105,2012,6.7
106,2012,7.2
107,2012,27.5
108,2012,50.7
109,2012,11.0
110,2012,9.6
111,2012,26.8
112,2012,42.9
114,2012,17.9
115,2012,21.6
116,2012,23.4
117,2012,6.1
118,2012,4.6
119,2012,15.1
120,2012,59.6
121,2012,3.3
122,2012,18.6
123,2012,28.4
124,2012,21.5
125,2012,4.5
126,2012,7.4
127,2012,46.8
128,2012,21.3
129,2012,24.3
130,2012,7.1
131,2012,53.1
132,2012,20.6
133,2012,19.0
134,2012,18.2
135,2012,18.1
136,2012,5.4
137,2012,21.5
138,2012,19.0
139,2012,32.4
140,2012,4.1
141,2012,17.5
173,2012,20.8
142,2012,20.7
143,2012,21.9
144,2012,4.7
145,2012,20.4
146,2012,17.4
147,2012,21.2
148,2012,44.7
150,2012,10.7
151,2012,32.8
152,2012,7.6
153,2012,20.0
154,2012,12.4
155,2012,7.4
156,2012,5.6
157,2012,19.1
158,2012,18.8
159,2012,19.9
160,2012,7.0
161,2012,26.1
163,2012,22.4
164,2012,4.1
165,2012,6.4
166,2012,24.4
168,2012,19.0
169,2012,18.0
170,2012,25.1
171,2012,12.2
172,2012,7.9
174,2012,2.9
175,2012,7.1
177,2012,45.4
178,2012,16.3
179,2012,24.6
180,2012,29.5
181,2012,16.3
182,2012,48.6
183,2012,4.3
184,2012,22.7
185,2012,29.0
186,2012,25.4
187,2012,6.9
188,2012,33.6
189,2012,26.0
190,2012,14.4
191,2012,22.6
192,2012,24.0
193,2012,1.6
194,2012,14.6
195,2012,6.8
196,2012,14.3
1,2013,4.7
2,2013,19.9
3,2013,25.3
4,2013,25.0
5,2013,7.1
6,2013,17.5
7,2013,26.8
8,2013,18.8
9,2013,27.3
10,2013,18.8
11,2013,18.2
12,2013,30.0
13,2013,28.2
14,2013,3.0
15,2013,21.4
16,2013,23.4
17,2013,21.0
18,2013,22.5
19,2013,8.6
20,2013,5.5
21,2013,18.8
22,2013,16.7
23,2013,17.9
24,2013,20.6
25,2013,12.6
26,2013,23.7
27,2013,4.7
28,2013,4.6
46,2013,9.0
29,2013,10.7
30,2013,3.3
31,2013,10.2
32,2013,27.7
33,2013,6.6
34,2013,5.3
35,2013,26.5
36,2013,5.2
37,2013,20.9
38,2013,6.9
39,2013,8.6
40,2013,54.3
41,2013,23.6
42,2013,22.9
43,2013,23.1
44,2013,20.7
45,2013,24.9
47,2013,6.1
48,2013,5.9
49,2013,18.5
50,2013,12.6
51,2013,26.2
52,2013,25.3
53,2013,18.5
54,2013,30.0
55,2013,22.8
56,2013,7.1
57,2013,4.3
58,2013,20.4
167,2013,15.3
59,2013,3.8
61,2013,28.3
62,2013,21.1
63,2013,20.4
64,2013,13.9
65,2013,9.1
66,2013,19.9
67,2013,21.1
68,2013,9.8
69,2013,23.6
70,2013,19.6
71,2013,19.5
72,2013,6.7
73,2013,8.3
74,2013,18.4
75,2013,20.2
76,2013,19.5
77,2013,25.0
78,2013,20.7
79,2013,3.3
80,2013,5.8
81,2013,24.0
82,2013,28.6
83,2013,23.4
84,2013,25.1
85,2013,19.0
86,2013,22.9
87,2013,3.8
88,2013,33.7
89,2013,19.5
90,2013,6.2
91,2013,44.1
92,2013,36.2
93,2013,14.9
94,2013,4.4
95,2013,22.7
96,2013,30.3
97,2013,15.3
98,2013,8.9
99,2013,30.6
100,2013,25.3
101,2013,21.3
102,2013,4.5
103,2013,5.0
104,2013,13.7
105,2013,7.2
106,2013,7.5
107,2013,27.8
108,2013,51.3
109,2013,11.4
110,2013,9.9
111,2013,27.3
112,2013,43.7
114,2013,18.6
115,2013,22.0
116,2013,24.1
117,2013,6.4
118,2013,4.8
119,2013,15.6
120,2013,60.0
121,2013,3.5
122,2013,19.1
123,2013,29.0
124,2013,22.0
125,2013,4.8
126,2013,7.7
127,2013,47.6
128,2013,21.7
129,2013,24.9
130,2013,7.5
131,2013,53.7
132,2013,21.1
133,2013,19.6
134,2013,18.7
135,2013,18.5
136,2013,5.7
137,2013,21.9
138,2013,19.5
139,2013,33.1
140,2013,4.3
141,2013,17.8
173,2013,21.2
142,2013,21.1
143,2013,22.2
144,2013,5.0
145,2013,21.0
146,2013,18.0
147,2013,21.8
148,2013,45.4
150,2013,11.2
151,2013,33.4
152,2013,7.9
153,2013,20.3
154,2013,12.8
155,2013,7.7
156,2013,5.7
157,2013,19.4
158,2013,19.1
159,2013,20.6
160,2013,7.3
161,2013,26.7
163,2013,22.7
164,2013,4.4
165,2013,5.7
166,2013,24.9
168,2013,19.4
169,2013,18.4
170,2013,25.8
171,2013,12.7
172,2013,8.4
174,2013,3.1
175,2013,7.4
177,2013,46.1
178,2013,16.9
179,2013,25.1
180,2013,30.2
181,2013,16.9
182,2013,49.4
183,2013,4.5
184,2013,23.0
185,2013,29.7
186,2013,26.0
187,2013,7.3
188,2013,34.3
189,2013,26.5
190,2013,14.9
191,2013,23.2
192,2013,24.4
193,2013,1.7
194,2013,15.2
195,2013,7.1
196,2013,14.6
1,2014,4.9
2,2014,20.5
3,2014,26.0
4,2014,25.2
5,2014,7.5
6,2014,18.0
7,2014,27.3
8,2014,19.2
9,2014,27.9
10,2014,19.2
11,2014,18.8
12,2014,30.5
13,2014,28.8
14,2014,3.2
15,2014,22.0
16,2014,23.7
17,2014,21.4
18,2014,23.0
19,2014,8.9
20,2014,5.7
21,2014,19.3
22,2014,17.1
23,2014,18.2
24,2014,21.1
25,2014,13.1
26,2014,24.1
27,2014,5.0
28,2014,4.9
46,2014,9.4
29,2014,11.0
30,2014,3.5
31,2014,10.6
32,2014,28.3
33,2014,6.9
34,2014,5.6
35,2014,27.0
36,2014,5.5
37,2014,21.4
38,2014,7.2
39,2014,8.9
40,2014,54.9
41,2014,24.3
42,2014,23.4
43,2014,23.6
44,2014,21.1
45,2014,25.2
47,2014,6.3
48,2014,6.1
49,2014,18.9
50,2014,12.9
51,2014,26.8
52,2014,26.1
53,2014,19.0
54,2014,30.6
55,2014,23.4
56,2014,7.4
57,2014,4.5
58,2014,20.7
167,2014,15.7
59,2014,4.0
61,2014,28.9
62,2014,21.4
63,2014,20.8
64,2014,14.3
65,2014,9.5
66,2014,20.5
67,2014,21.5
68,2014,10.1
69,2014,24.0
70,2014,20.2
71,2014,20.0
72,2014,7.0
73,2014,8.7
74,2014,19.0
75,2014,21.0
76,2014,20.1
77,2014,25.4
78,2014,21.1
79,2014,3.5
80,2014,6.1
81,2014,24.6
82,2014,29.2
83,2014,24.0
84,2014,25.5
85,2014,19.3
86,2014,23.5
87,2014,3.9
88,2014,34.3
89,2014,20.0
90,2014,6.5
91,2014,44.7
92,2014,36.8
93,2014,15.5
94,2014,4.7
95,2014,23.0
96,2014,30.8
97,2014,15.7
98,2014,9.2
99,2014,31.3
100,2014,25.6
101,2014,21.7
102,2014,4.8
103,2014,5.3
104,2014,14.3
105,2014,7.6
106,2014,7.9
107,2014,28.2
108,2014,51.8
109,2014,11.8
110,2014,10.2
111,2014,27.8
112,2014,44.4
114,2014,19.2
115,2014,22.4
116,2014,24.7
117,2014,6.7
118,2014,5.1
119,2014,16.1
120,2014,60.3
121,2014,3.7
122,2014,19.5
123,2014,29.6
124,2014,22.5
125,2014,5.0
126,2014,8.1
127,2014,48.4
128,2014,22.2
129,2014,25.6
130,2014,7.8
131,2014,54.2
132,2014,21.6
133,2014,20.1
134,2014,19.2
135,2014,18.9
136,2014,5.9
137,2014,22.3
138,2014,19.9
139,2014,33.8
140,2014,4.4
141,2014,18.2
173,2014,21.6
142,2014,21.6
143,2014,22.5
144,2014,5.3
145,2014,21.6
146,2014,18.5
147,2014,22.4
148,2014,46.0
150,2014,11.6
151,2014,34.1
152,2014,8.2
153,2014,20.7
154,2014,13.2
155,2014,8.0
156,2014,5.8
157,2014,19.8
158,2014,19.5
159,2014,21.2
160,2014,7.6
161,2014,27.2
163,2014,23.1
164,2014,4.6
165,2014,5.8
166,2014,25.4
168,2014,19.8
169,2014,18.7
170,2014,26.4
171,2014,13.2
172,2014,8.9
174,2014,3.3
175,2014,7.8
177,2014,46.8
178,2014,17.4
179,2014,25.7
180,2014,30.8
181,2014,17.4
182,2014,50.1
183,2014,4.8
184,2014,23.4
185,2014,30.3
186,2014,26.6
187,2014,7.6
188,2014,34.9
189,2014,27.0
190,2014,15.4
191,2014,23.9
192,2014,24.8
193,2014,1.8
194,2014,15.9
195,2014,7.4
196,2014,14.9
1,2015,5.2
2,2015,21.1
3,2015,26.7
4,2015,25.4
5,2015,7.9
6,2015,18.4
7,2015,27.8
8,2015,19.7
9,2015,28.4
10,2015,19.7
11,2015,19.3
12,2015,31.0
13,2015,29.3
14,2015,3.4
15,2015,22.5
16,2015,24.1
17,2015,21.7
18,2015,23.6
19,2015,9.3
20,2015,6.1
21,2015,19.7
22,2015,17.5
23,2015,18.6
24,2015,21.6
25,2015,13.6
26,2015,24.5
27,2015,5.3
28,2015,5.1
46,2015,9.8
29,2015,11.4
30,2015,3.7
31,2015,11.0
32,2015,28.8
33,2015,7.2
34,2015,5.8
35,2015,27.5
36,2015,5.9
37,2015,21.9
38,2015,7.5
39,2015,9.2
40,2015,55.4
41,2015,25.0
42,2015,23.9
43,2015,24.1
44,2015,21.4
45,2015,25.6
47,2015,6.5
48,2015,6.4
49,2015,19.3
50,2015,13.2
51,2015,27.3
52,2015,26.9
53,2015,19.4
54,2015,31.3
55,2015,24.0
56,2015,7.7
57,2015,4.8
58,2015,20.9
167,2015,16.1
59,2015,4.3
61,2015,29.5
62,2015,21.8
63,2015,21.2
64,2015,14.6
65,2015,9.9
66,2015,21.1
67,2015,21.9
68,2015,10.5
69,2015,24.4
70,2015,20.7
71,2015,20.6
72,2015,7.4
73,2015,9.1
74,2015,19.6
75,2015,21.8
76,2015,20.8
77,2015,25.9
78,2015,21.5
79,2015,3.7
80,2015,6.5
81,2015,25.2
82,2015,29.8
83,2015,24.7
84,2015,25.8
85,2015,19.6
86,2015,24.1
87,2015,4.1
88,2015,34.9
89,2015,20.5
90,2015,6.8
91,2015,45.3
92,2015,37.4
93,2015,16.0
94,2015,5.0
95,2015,23.3
96,2015,31.4
97,2015,16.2
98,2015,9.6
99,2015,31.9
100,2015,26.0
101,2015,22.2
102,2015,5.1
103,2015,5.5
104,2015,14.9
105,2015,8.1
106,2015,8.2
107,2015,28.5
108,2015,52.4
109,2015,12.3
110,2015,10.5
111,2015,28.3
112,2015,45.1
114,2015,19.9
115,2015,22.8
116,2015,25.4
117,2015,6.9
118,2015,5.4
119,2015,16.7
120,2015,60.7
121,2015,3.9
122,2015,20.0
123,2015,30.2
124,2015,23.1
125,2015,5.2
126,2015,8.5
127,2015,49.2
128,2015,22.6
129,2015,26.3
130,2015,8.2
131,2015,54.8
132,2015,22.2
133,2015,20.7
134,2015,19.8
135,2015,19.3
136,2015,6.2
137,2015,22.7
138,2015,20.4
139,2015,34.5
140,2015,4.5
141,2015,18.5
173,2015,22.0
142,2015,22.1
143,2015,22.8
144,2015,5.6
145,2015,22.3
146,2015,19.1
147,2015,23.1
148,2015,46.7
150,2015,12.0
151,2015,34.7
152,2015,8.5
153,2015,21.1
154,2015,13.5
155,2015,8.3
156,2015,6.0
157,2015,20.1
158,2015,19.8
159,2015,21.9
160,2015,7.9
161,2015,27.8
163,2015,23.4
164,2015,4.9
165,2015,8.6
166,2015,25.9
168,2015,20.2
169,2015,19.1
170,2015,27.1
171,2015,13.7
172,2015,9.4
174,2015,3.6
175,2015,8.1
177,2015,47.5
178,2015,18.0
179,2015,26.3
180,2015,31.5
181,2015,18.0
182,2015,50.9
183,2015,5.0
184,2015,23.7
185,2015,31.0
186,2015,27.2
187,2015,8.0
188,2015,35.6
189,2015,27.5
190,2015,16.0
191,2015,24.5
192,2015,25.2
193,2015,2.0
194,2015,16.5
195,2015,7.7
196,2015,15.2
1,2016,5.5
2,2016,21.7
3,2016,27.4
4,2016,25.6
5,2016,8.2
6,2016,18.9
7,2016,28.3
8,2016,20.2
9,2016,29.0
10,2016,20.1
11,2016,19.9
12,2016,31.6
13,2016,29.8
14,2016,3.6
15,2016,23.1
16,2016,24.5
17,2016,22.1
18,2016,24.1
19,2016,9.6
20,2016,6.4
21,2016,20.2
22,2016,17.9
23,2016,18.9
24,2016,22.1
25,2016,14.1
26,2016,25.0
27,2016,5.6
28,2016,5.4
46,2016,10.3
29,2016,11.8
30,2016,3.9
31,2016,11.4
32,2016,29.4
33,2016,7.5
34,2016,6.1
35,2016,28.0
36,2016,6.2
37,2016,22.3
38,2016,7.8
39,2016,9.6
40,2016,55.9
41,2016,25.7
42,2016,24.4
43,2016,24.6
44,2016,21.8
45,2016,26.0
47,2016,6.8
48,2016,6.7
49,2016,19.7
50,2016,13.5
51,2016,27.9
52,2016,27.6
53,2016,19.9
54,2016,32.0
55,2016,24.6
56,2016,8.0
57,2016,5.0
58,2016,21.2
167,2016,16.5
59,2016,4.5
61,2016,30.2
62,2016,22.2
63,2016,21.6
64,2016,15.0
65,2016,10.3
66,2016,21.7
67,2016,22.3
68,2016,10.9
69,2016,24.9
70,2016,21.3
71,2016,21.2
72,2016,7.7
73,2016,9.5
74,2016,20.2
75,2016,22.7
76,2016,21.4
77,2016,26.4
78,2016,21.9
79,2016,3.9
80,2016,6.9
81,2016,25.8
82,2016,30.4
83,2016,25.3
84,2016,26.1
85,2016,19.9
86,2016,24.7
87,2016,4.3
88,2016,35.5
89,2016,21.0
90,2016,7.1
91,2016,46.0
92,2016,37.9
93,2016,16.6
94,2016,5.3
95,2016,23.6
96,2016,32.0
97,2016,16.6
98,2016,9.9
99,2016,32.5
100,2016,26.3
101,2016,22.6
102,2016,5.3
103,2016,5.8
104,2016,15.6
105,2016,8.6
106,2016,8.6
107,2016,28.9
108,2016,52.9
109,2016,12.7
110,2016,10.8
111,2016,28.9
112,2016,45.8
114,2016,20.6
115,2016,23.3
116,2016,26.1
117,2016,7.2
118,2016,5.8
119,2016,17.2
120,2016,61.0
121,2016,4.1
122,2016,20.4
123,2016,30.8
124,2016,23.7
125,2016,5.5
126,2016,8.9
127,2016,50.0
128,2016,23.1
129,2016,27.0
130,2016,8.6
131,2016,55.3
132,2016,22.7
133,2016,21.3
134,2016,20.3
135,2016,19.7
136,2016,6.4
137,2016,23.1
138,2016,20.8
139,2016,35.1
140,2016,4.7
141,2016,18.9
173,2016,22.4
142,2016,22.5
143,2016,23.1
144,2016,5.8
145,2016,22.9
146,2016,19.7
147,2016,23.7
148,2016,47.3
150,2016,12.4
151,2016,35.4
152,2016,8.8
153,2016,21.5
154,2016,14.0
155,2016,8.7
156,2016,6.1
157,2016,20.5
158,2016,20.2
159,2016,22.5
160,2016,8.3
161,2016,28.3
163,2016,23.8
164,2016,5.2
165,2016,8.6
166,2016,26.4
168,2016,20.6
169,2016,19.5
170,2016,27.8
171,2016,14.2
172,2016,10.0
174,2016,3.8
175,2016,8.4
177,2016,48.2
178,2016,18.6
179,2016,26.9
180,2016,32.1
181,2016,18.6
182,2016,51.6
183,2016,5.3
184,2016,24.1
185,2016,31.7
186,2016,27.8
187,2016,8.4
188,2016,36.2
189,2016,27.9
190,2016,16.6
191,2016,25.2
192,2016,25.6
193,2016,2.1
194,2016,17.1
195,2016,8.1
196,2016,15.5
